,상품이름,무게,칼로리,지방,탄수화물,단백질
0,동의 훈제란,1개 (35g)당,54kcal,3.30g,0.40g,5.50g
1,호유란,1개 (50g)당,59kcal,3.50g,0.78g,6.00g
2,든든하지롱 계란김밥,1줄 (290g)당,483kcal,15.00g,73.00g,14.00g
3,쫀득한 마카롱,1봉지 3조각 (70g)당,295kcal,14.00g,42.00g,3.00g
4,바로먹는 꿀고구마,1인분 (130g)당,220kcal,0.20g,53.20g,1.40g
5,참치마요 삼각김밥,1개 (115g)당,219kcal,7.00g,453.00g,8.00g
6,참치마요,1개 (105g)당,189kcal,4.10g,34.00g,4.00g
7,토핑2배 참치마요,1개 (110g)당,209kcal,5.00g,35.00g,6.00g
8,스팸김치볶음밥 삼각김밥,100g당,180kcal,4.40g,30.00g,5.00g
9,데리야끼 닭꼬치로 야식어때?,1인분 (120g)당,214kcal,10.00g,17.00g,14.00g
10,햄에그샌드위치,1인분 (128g)당,260kcal,12.00g,30.00g,8.00g
11,크렌베리스콘,1회 (50g)당,222kcal,9.00g,30.00g,3.00g
12,초코블랑,1회 (48g)당,217kcal,9.00g,31.00g,3.00g
13,참치마요김밥,1인분 (215g)당,377kcal,13.00g,52.00g,13.00g
14,땡초김밥,1줄 (225g)당,350kcal,10.00g,53.00g,12.00g
15,키토 고추장,1큰술 (15ml)당,21kcal,0.81g,3.24g,1.14g
16,콘소메맛 팝콘,1봉지 (60g)당,270kcal,12.00g,39.00g,6.00g
17,크랩토핑 유부초밥,1팩 (250g)당,438kcal,10.00g,75.00g,12.00g
18,닭가슴살샌드위치,1인분 (207g)당,386kcal,14.00g,51.00g,14.00g
19,벨기에 초코와플,1개 (95g)당,371kcal,15.00g,53.00g,6.00g
20,하이프로틴 초코,1인분 (250ml)당,150kcal,3.30g,14.00g,15.00g
21,김치제육,1회 (375g)당,699kcal,15.00g,113.00g,28.00g
22,감자빵,1봉지 (106g)당,267kcal,7.00g,45.00g,6.00g
23,가쓰오 올린 계란말이,1회 (50g)당,60kcal,3.50g,4.00g,4.00g
24,스팸김치볶음밥,100g당,180kcal,4.40g,30.00g,5.00g
25,간이 되어있는 반숙계란,1회 (50g)당,59kcal,3.56g,0.78g,6.05g
26,쌀떡볶이,100g당,535kcal,29.00g,64.00g,5.00g
27,딸기샌드위치,1인분 (135g)당,296kcal,12.00g,42.00g,5.00g
28,리코타치즈샐러드,1통 (160g)당,197kcal,13.00g,14.00g,6.00g
29,소고기 고추장 삼각김밥,1개 (115g)당,184kcal,1.60g,37.00g,6.00g
30,동의훈제란,1개 (35g)당,54kcal,3.30g,0.40g,5.50g
31,오란다,1봉지 (120g)당,575kcal,21.00g,86.00g,11.00g
32,다이제볼,1인분 (42g)당,229kcal,13.00g,25.00g,3.00g
33,쫄깃쫄깃 훈제 닭다리,100g당,135kcal,3.80g,6.00g,18.00g
34,쫀득한 딸기 마카롱,1봉지 (74g)당,335kcal,15.00g,46.00g,4.00g
35,우삼겹 덮밥,100g당,728kcal,28.00g,94.00g,25.00g
36,믹스너트,1인분 (40g)당,247kcal,19.00g,10.00g,9.00g
37,퀴노아바질미니샐러드,1팩 (138g)당,111kcal,2.10g,16.00g,7.00g
38,초코쿠키,1인분 (20g)당,95kcal,5.00g,13.00g,1.00g
39,속이꽉찬 계란샌드위치,1/2인분 (155g)당,394kcal,22.00g,36.00g,13.00g
40,전주비빔 삼각김밥,1회 (105g)당,180kcal,3.60g,33.00g,4.00g
41,초코크로와상,1개 (85g)당,370kcal,18.00g,45.00g,8.00g
42,햄이 꽉찬 샌드위치,1인분 (125g)당,251kcal,11.00g,28.00g,10.00g
43,토핑2배 전주비빔,1개 (110g)당,176kcal,2.20g,35.00g,4.00g
44,부드러운 계란 김밥,1총 (230g)당,330kcal,6.00g,57.00g,12.00g
45,깍두기 볶음밥,1인분 (150g)당,249kcal,3.70g,48.00g,6.00g
46,리얼너츠,1봉지 (25g)당,118kcal,9.70g,6.20g,3.30g
47,불타는 어묵김밥,1회 (210g)당,333kcal,5.00g,60.00g,12.00g
48,돼지고기덮밥,1인분 (395g)당,598kcal,10.00g,100.00g,27.00g
49,고구마빵,1인분 (105g)당,236kcal,8.00g,34.00g,7.00g
50,탕수육&깐풍치킨,1인분 (415g)당,863kcal,31.00g,119.00g,27.00g
51,에그가먼저닭 미니샐러드,1인분 (137g)당,156kcal,12.00g,5.00g,7.00g
52,이건가요? 샌드위치,1회 (190g)당,405kcal,13.00g,61.00g,11.00g
53,B.L.T 비엘티 샌드위치,1팩 (130g)당,230kcal,10.00g,25.00g,10.00g
54,블루베리식빵,100g당,345kcal,9.00g,58.00g,7.00g
55,새우튀김롤,1인분 (231g)당,498kcal,22.00g,64.00g,11.00g
56,왕소라형 과자,1/4.5봉지 (30g)당,130kcal,3.50g,22.00g,2.00g
57,고등어,100g당,160kcal,15.00g,3.00g,16.00g
58,리챔참치마요,1인분 (228g)당,397kcal,13.00g,55.00g,15.00g
59,센베이과자,1회 (30g)당,127kcal,0.30g,26.70g,2.40g
60,알래스카연어샌드위치,1개 (155g)당,338kcal,14.00g,42.00g,10.00g
61,딸기샌드위치,1회 (150g)당,362kcal,14.00g,51.00g,8.00g
62,하프앤하프 샌드위치,2개 (156g)당,293kcal,13.00g,34.00g,10.00g
63,바나나우유,1회 (500ml)당,390kcal,13.00g,57.00g,11.00g
64,두툼한 등심돈가스,1회 (390g)당,732kcal,28.00g,95.00g,25.00g
65,곱창집볶음밥,100g당,183kcal,3.40g,33.00g,5.00g
66,숯향가득 삼겹살구이,1인분 (150g)당,295kcal,16.00g,9.00g,28.00g
67,연어왕 유부초밥,1인분 (250g)당,450kcal,10.00g,76.00g,14.00g
68,동의 반숙란,1인분 (50g)당,64kcal,3.60g,1.00g,7.00g
69,닭고기덮밥,1인분 (392g)당,701kcal,21.00g,101.00g,27.00g
70,청포도에이드,1회 (230ml)당,80kcal,0.00g,20.00g,0.00g
71,대만식연유 샌드위치,1봉 (135g)당,397kcal,21.00g,41.00g,11.00g
72,토핑2배 소고기고추장,1개 (110g)당,179kcal,1.70g,37.00g,4.00g
73,치킨마요 삼각김밥,100g당,212kcal,8.00g,30.00g,5.00g
74,훈숙이,1회 (85g)당,115kcal,7.00g,2.00g,12.00g
75,티라미수,1회 (160ml)당,160kcal,5.00g,27.00g,2.00g
76,토핑2배 김치제육,1개 (110g)당,182kcal,2.40g,35.00g,5.00g
77,생강꿀차,1인분 (45g)당,140kcal,0.00g,35.00g,0.00g
78,안동식 찜닭 정식,1인분 (465g)당,871kcal,19.00g,127.00g,48.00g
79,새우 계란찜,100g당,60kcal,3.30g,1.00g,7.00g
80,대파제육김밥,1개 (236g)당,382kcal,6.00g,69.00g,13.00g
81,고기듬뿍 김치제육,1개 (355g)당,596kcal,12.00g,95.00g,27.00g
82,주먹왕 참치마요&김치볶음밥,1인분 (240g)당,445kcal,17.00g,62.00g,11.00g
83,사천왕 마라탕면 큰컵,100g당,440kcal,18.00g,65.00g,4.00g
84,소불고기덮밥,1회 (330g)당,415kcal,3.00g,85.00g,12.00g
85,불곱창 짜글이,1인분 (320g)당,370kcal,10.00g,55.00g,15.00g
86,카라멜맛팝콘,1봉지 (60g)당,270kcal,10.00g,45.00g,4.00g
87,카프레제 샌드위치,1인분 (150g)당,295kcal,11.00g,39.00g,10.00g
88,에그베네딕트샌드위치,1인분 (150g)당,288kcal,12.00g,32.00g,13.00g
89,베이컨에그샌드위치,1인분 (131g)당,306kcal,14.00g,36.00g,9.00g
90,명란계란찜,100g당,62kcal,3.50g,2.00g,6.00g
91,에그가 먼저닭 미니샐러드,1인분 (137g)당,156kcal,12.00g,5.00g,7.00g
92,돈까스김밥,1인분 (252g)당,477kcal,17.00g,68.00g,13.00g
93,백종원 매콤 돈까스정식,1회 (580g)당,1130kcal,54.00g,135.00g,26.00g
94,소불고기치즈김밥,1호 (248g)당,373kcal,9.00g,58.00g,15.00g
95,벌교 꼬막 비빔밥,1회 (300g)당,426kcal,6.00g,80.00g,13.00g
96,고소한 참치마요 김밥,1줄 (175g)당,289kcal,8.00g,46.00g,8.00g
97,콘치즈그라탕,1인분 (220g)당,425kcal,28.00g,34.00g,9.00g
98,매운 불껍데기,100g당,255kcal,10.00g,19.00g,21.00g
99,쫀득롤케익 플레인,1인분 (140g)당,465kcal,25.00g,52.00g,8.00g
100,길거리 토스트,1인분 (210g)당,454kcal,14.00g,63.00g,19.00g
101,반숙계란 버터간장밥 삼각김밥,1인분 (110g)당,179kcal,2.60g,34.00g,5.00g
102,고기만두 호빵,1회 (110g)당,330kcal,12.00g,43.00g,13.00g
103,참치불고기반반김밥,1줄 (205g)당,343kcal,7.00g,58.00g,12.00g
104,직화불고기 참피온,1인분 (427g)당,858kcal,30.00g,110.00g,37.00g
105,제육볶음 삼각김밥,100g당,163kcal,1.60g,23.00g,14.00g
106,참치김치삼각김밥,1회 (105g)당,180kcal,5.00g,30.00g,4.00g
107,토핑2배 참치김볶,1회 (110g)당,223kcal,7.00g,34.00g,6.00g
108,토핑 3배 참치마요,1인분 (157g)당,278kcal,6.00g,48.00g,8.00g
109,훈제메추리알,1인분 (15g)당,40kcal,2.50g,2.00g,2.00g
110,크림 가득 빅슈,1회 (130g)당,355kcal,22.00g,30.00g,9.00g
111,훈제연어크랩롤,100g당,361kcal,9.00g,62.00g,8.00g
112,야채칩,1봉지 (28g)당,155kcal,9.00g,17.00g,1.00g
113,통통하게,1인분 (80g)당,75kcal,0.00g,10.00g,9.00g
114,스팸컵밥,1회 (170g)당,355kcal,11.00g,56.00g,8.00g
115,참치마요&햄김치볶음밥,1인분 (202g)당,325kcal,4.50g,63.00g,8.00g
116,단짠삼겹볶음 삼각김밥,1 인분 (152g)당,292kcal,8.00g,46.00g,9.00g
117,계란참치마요 김밥,1인분 (232g)당,488kcal,20.00g,61.00g,16.00g
118,저지방우유,1회 (300ml)당,120kcal,3.00g,14.00g,9.00g
119,치즈닭갈비김밥,1회 (200g)당,368kcal,8.00g,60.00g,14.00g
120,리챔통햄김볶,1개 (104g)당,168kcal,2.70g,30.00g,6.00g
121,베트남식 반미 샌드위치,1개 (122g)당,262kcal,6.00g,37.00g,15.00g
122,딸기마카롱,1회 (45g)당,190kcal,7.00g,28.00g,3.00g
123,마늘바게트,1/4봉지 (30g)당,140kcal,4.50g,20.00g,3.00g
124,복돼지면,1인분 (169g)당,641kcal,25.00g,85.00g,19.00g
125,카라멜맛 팝콘,1회 (30g)당,144kcal,6.00g,22.00g,2.00g
126,달고나 라떼,1개 (250ml)당,190kcal,3.60g,35.00g,4.60g
127,가쓰오 올린 계란말이,100g당,120kcal,7.00g,8.00g,8.00g
128,대파제육정식,1인분 (419g)당,730kcal,22.00g,101.00g,32.00g
129,마성의 돈까스,1인분 (460g)당,1076kcal,44.00g,136.00g,34.00g
130,칠리치킨샌드위치,1개 (185g)당,311kcal,7.00g,49.00g,13.00g
131,청포도라임 에이드,1회 (230ml)당,90kcal,0.00g,20.00g,2.00g
132,삼겹살구이정식,1개 (435g)당,762kcal,30.00g,96.00g,27.00g
133,Ham&Egg 햄에그샌드위치,1회 (210g)당,388kcal,16.00g,49.00g,12.00g
134,광양식불고기,1인분 (106g)당,181kcal,2.30g,35.00g,5.00g
135,유산슬덮밥,1인분 (420g)당,486kcal,6.00g,93.00g,15.00g
136,매콤햄김치볶음밥 삼각김밥,100g당,189kcal,5.00g,32.00g,4.00g
137,프레첼&카라멜팝콘,1봉지 (75g)당,340kcal,11.00g,57.00g,3.00g
138,갈릭버터 오징어,100g당,120kcal,2.90g,9.00g,15.00g
139,치즈에그 샌드위치,1개 (200g)당,489kcal,29.00g,38.00g,19.00g
140,짬뽕밥,1개 (300g)당,415kcal,7.00g,77.00g,11.00g
141,우유,1컵 (200ml)당,130kcal,8.00g,9.00g,6.00g
142,장충동 부드러운 순살 족발,1회 (150g)당,381kcal,21.00g,0.00g,48.00g
143,어묵반반 김밥,1인분 (230g)당,391kcal,7.00g,71.00g,11.00g
144,참치김치 삼각김밥,1회 (95g)당,146kcal,1.60g,30.00g,3.00g
145,에그타르트 오리지날,1인분 (60g)당,171kcal,7.00g,24.00g,3.00g
146,햄샌드위치,1인분 (136g)당,305kcal,13.00g,38.00g,9.00g
147,소금커피,1인분 (300ml)당,135kcal,3.60g,24.30g,1.20g
148,간장불고기,1회 (385g)당,573kcal,17.00g,85.00g,20.00g
149,뚱한치즈메가돈's바,100g당,268kcal,22.29g,2.81g,13.91g
150,새우버거,1인분 (145g)당,372kcal,16.00g,47.00g,10.00g
151,맘모스빵,1회 (113g)당,415kcal,11.00g,71.00g,8.00g
152,생연어초밥,1인분 (155g)당,199kcal,7.00g,22.00g,12.00g
153,닭갈비 철판볶음밥,1인분 (270g)당,485kcal,9.00g,91.00g,10.00g
154,오늘은 치킨이닭 도시락,1인분 (432g)당,913kcal,33.00g,122.00g,32.00g
155,카페라떼,1컵 (300ml)당,190kcal,7.00g,25.00g,6.00g
156,통 고기산적,1개 (105g)당,209kcal,4.50g,36.00g,6.00g
157,자이언트 핫도그,1호 (130g)당,360kcal,14.00g,45.00g,13.00g
158,베이컨 참치마요 삼각김밥,100g당,201kcal,5.00g,34.00g,5.00g
159,대왕돈까스,1개 (505g)당,1375kcal,67.00g,157.00g,36.00g
160,자이언트 떡볶이,1컵 (237g)당,513kcal,4.10g,103.00g,16.00g
161,추억의도시락,1회 (345g)당,646kcal,22.00g,90.00g,22.00g
162,대게딱지장,1인분 (110g)당,185kcal,4.10g,33.00g,4.00g
163,단호한햄샌드위치,1인분 (153g)당,309kcal,13.00g,38.00g,10.00g
164,참치flex,1 인분 (100g)당,165kcal,2.30g,32.00g,4.00g
165,초코마카롱,1조각 (45g)당,180kcal,6.00g,30.00g,3.00g
166,헤이즐넛향,100ml당,65kcal,0.00g,16.00g,1.00g
167,광양식 불고기 삼각김밥,1인분 (106g)당,181kcal,2.30g,35.00g,5.00g
168,삼육두유 마카롱,1인분 (70g)당,330kcal,17.00g,38.60g,4.00g
169,치킨 찹찹 미니샐러드,1인분 (144g)당,153kcal,9.00g,7.00g,11.00g
170,속이꽉찬 햄샌드위치,1인분 (136g)당,305kcal,13.00g,38.00g,9.00g
171,자이언트 라볶이,1컵 (300g)당,690kcal,3.30g,149.00g,17.00g
172,치즈돼지갈비찜김밥,1인분 (248g)당,393kcal,9.00g,56.00g,22.00g
173,등심돈까스 김밥,1줄 (252g)당,477kcal,17.00g,68.00g,13.00g
174,매콤직화불고기 삼각김밥,1인분 (150g)당,268kcal,4.40g,47.00g,10.00g
175,7찬매콤불고기 도시락,1인분 (445g)당,715kcal,23.00g,94.00g,33.00g
176,햄치즈 치아바타,1인분 (157g)당,456kcal,20.00g,46.00g,23.00g
177,최애7찬,1인분 (385g)당,792kcal,24.00g,114.00g,30.00g
178,12찬 한판도시락,1회 (410g)당,741kcal,25.00g,97.00g,32.00g
179,불고기전주비빔,1개 (155g)당,250kcal,6.00g,41.00g,8.00g
180,채식주의 샐러드,1팩 (189g)당,230kcal,11.00g,23.00g,9.00g
181,삼육두유 모나카,1인분 (140ml)당,174kcal,6.00g,28.00g,2.00g
182,간장찜닭,1개 (400g)당,528kcal,4.40g,89.00g,33.00g
183,보성녹돈등심돈까스김밥,1줄 (252g)당,477kcal,17.00g,68.00g,13.00g
184,바지락칼국수,1회 (171g)당,280kcal,1.40g,58.00g,9.00g
185,흑임자 치킨 미니 샐러드,1인분 (135g)당,118kcal,6.00g,8.00g,8.00g
186,에그고소햄 샌드위치,1인분 (165g)당,373kcal,17.00g,47.00g,8.00g
187,참치불고기김밥,1인분 (205g)당,343kcal,7.00g,58.00g,12.00g
188,리얼 생초코찰떡,1인분 (35g)당,113kcal,2.30g,22.00g,1.00g
189,맛새우칩,1/2봉지 (30g)당,155kcal,8.00g,20.00g,2.00g
190,토핑 유부초밥,1회 (225g)당,442kcal,14.00g,67.00g,12.00g
191,케이준치킨샐러드 샌드위치,1팩 (140g)당,325kcal,13.00g,43.00g,9.00g
192,흑임자치킨 미니 샐러드,1인분 (135g)당,118kcal,6.00g,8.00g,8.00g
193,햄참치게맛살 샌드위치,1회 (125g)당,310kcal,14.00g,37.00g,9.00g
194,바나나케이크,1인분 (115g)당,334kcal,14.00g,47.00g,5.00g
195,초코프레첼,1봉지 (45g)당,190kcal,5.00g,32.00g,3.00g
196,딥치즈 치킨 미니샐러드,1인분 (137g)당,163kcal,11.00g,7.00g,9.00g
197,계란과자,1인분 (90g)당,455kcal,21.00g,61.00g,6.00g
198,실속 참치김밥,1회 (155g)당,229kcal,3.50g,42.00g,8.00g
199,전주비빔,1회 (107g)당,179kcal,2.10g,36.00g,4.00g
200,치킨마요덮밥,1인분 (393g)당,709kcal,17.00g,110.00g,29.00g
201,쌀대롱,1봉지 (120g)당,565kcal,19.00g,91.00g,8.00g
202,치킨햄샌드위치,1회 (145g)당,304kcal,6.70g,49.00g,12.00g
203,리챔 김치볶음밥바,1인분 (145g)당,270kcal,10.00g,37.00g,8.00g
204,비빔참치마요 삼각김밥,100g당,178kcal,3.30g,33.00g,4.00g
205,제육삼각김밥,1개 (105g)당,182kcal,2.40g,35.00g,5.00g
206,바싹불고기,100g당,741kcal,29.00g,93.00g,27.00g
207,고추참치 삼각김밥,1개 (105g)당,175kcal,1.70g,36.00g,4.00g
208,제주 흑돼지 두루치기 정식,1인분 (475g)당,804kcal,24.00g,119.00g,28.00g
209,통햄김볶 삼각김밥,1인분 (104g)당,179kcal,3.40g,33.00g,4.00g
210,초코소라빵,100g당,305kcal,20.00g,36.00g,5.00g
211,흑임자 우유,1인분 (250ml)당,205kcal,9.00g,26.00g,5.00g
212,달콤한 다쿠아즈 초코,1개 (26g)당,95kcal,4.20g,13.00g,1.00g
213,몬스터후랑크,100g당,260kcal,19.00g,6.00g,16.00g
214,소고기고추장 삼각김밥,100g당,178kcal,2.40g,35.00g,4.00g
215,직화불고기 삼각김밥,100g당,184kcal,3.50g,32.00g,6.00g
216,통스팸구이 삼각김밥,100g당,183kcal,4.20g,31.00g,5.00g
217,마라훠궈 홍탕면,1인분 (145g)당,395kcal,2.90g,83.00g,10.00g
218,한입에 꼬치다,100g당,270kcal,19.00g,8.00g,17.00g
219,백종원 돼지고기 덮밥,1인분 (395g)당,598kcal,10.00g,100.00g,27.00g
220,고추장삼겹살덮밥,1회 (375g)당,812kcal,28.00g,119.00g,21.00g
221,쫄깃한 편육,1회 (150g)당,455kcal,32.00g,2.00g,39.00g
222,생크림 가득 단팥빵,1인분 (115g)당,324kcal,8.00g,56.00g,7.00g
223,참치김치 덮밥,1개 (305g)당,504kcal,12.00g,85.00g,14.00g
224,생크림 초콜릿 쿠키슈,100g당,319kcal,21.00g,28.00g,4.00g
225,맛있겠쥬? 닭갈비,1인분 (445g)당,759kcal,19.00g,111.00g,36.00g
226,추억의 강냉이,1봉지 (121g)당,480kcal,0.00g,108.00g,8.00g
227,불고기김밥,1줄 (190g)당,301kcal,6.50g,47.00g,11.00g
228,고소한 치즈맛 팝콘,1회 (60g)당,280kcal,13.00g,39.00g,6.00g
229,아몬드 쿠키,1봉지 (90g)당,453kcal,21.00g,63.00g,3.00g
230,오리지날 모찌롤 플레인,1회 (125g)당,395kcal,25.00g,37.50g,5.00g
231,백종원의 매콤불고기 김밥,1줄 (230g)당,314kcal,6.00g,52.00g,13.00g
232,호두파이,1인분 (120g)당,520kcal,33.00g,45.00g,10.00g
233,떡갈비김밥,1인분 (243g)당,421kcal,13.00g,62.00g,14.00g
234,김수미 그때그맛 돼지갈비찜,100g당,180kcal,9.00g,10.00g,16.00g
235,땡초참마김볶,1인분 (164g)당,291kcal,7.00g,48.00g,9.00g
236,딸기우유,1팩 (500ml)당,315kcal,12.30g,42.00g,9.30g
237,참치왕참치마요밥바,1인분 (180g)당,314kcal,10.00g,48.00g,8.00g
238,쫀득한 아이스 마카롱,1인분 (74g)당,319kcal,15.00g,42.00g,4.00g
239,거꾸로 초코블랑,1개 (48g)당,214kcal,10.00g,29.00g,2.00g
240,부드럽고 연한 닭가슴살,1인분 (110g)당,120kcal,0.90g,2.00g,26.00g
241,콘초코플러스,1봉지 (76g)당,425kcal,26.00g,43.00g,5.00g
242,자이언트 쫄볶이,1회 (320g)당,700kcal,2.60g,158.00g,15.00g
243,Big 스팸마요,1인분 (155g)당,310kcal,10.00g,48.00g,7.00g
244,어른우유,1인분 (250g)당,220kcal,7.00g,33.00g,7.00g
245,통!스팸마요김볶,1인분 (103g)당,192kcal,4.40g,33.00g,5.00g
246,청양고추라면,1컵 (97g)당,430kcal,15.00g,66.00g,8.00g
247,다쿠아즈 딸기,1개 (26g)당,95kcal,4.20g,13.00g,1.00g
248,참치왕 유부초밥,5개 (250g)당,498kcal,18.00g,66.00g,18.00g
249,우유생크림 케이크,100g당,575kcal,33.00g,61.00g,7.00g
250,치킨시저샐러드,1회 (160g)당,220kcal,17.00g,5.00g,12.00g
251,마요계란밥,1인분 (155g)당,311kcal,11.00g,43.00g,10.00g
252,스팸마요계란밥,1인분 (155g)당,311kcal,11.00g,43.00g,10.00g
253,고소한 마늘바게트,1봉지 (108g)당,540kcal,24.00g,69.00g,12.00g
254,타로 버블티,1컵 (250ml)당,160kcal,3.80g,28.00g,4.00g
255,뿌려먹는 자연치즈 모짜렐라,1컵 (20g)당,59kcal,4.30g,0.00g,5.00g
256,서울우유 딸기샌드,1인분 (135g)당,213kcal,5.00g,37.00g,5.00g
257,쑥떡쑥떡,1개 (75ml)당,130kcal,4.80g,20.00g,2.00g
258,크래빗,5개 (90g)당,85kcal,1.20g,9.00g,10.00g
259,크림어니언맛 감자칩,1인분 (45g)당,265kcal,18.00g,24.00g,2.00g
260,치즈불고기 버거,1개 (245g)당,710kcal,42.00g,61.00g,22.00g
261,크림 가득 메론빵,100g당,379kcal,15.00g,55.00g,6.00g
262,에멘탈 치즈빵,1인분 (75g)당,302kcal,10.00g,40.00g,13.00g
263,스팸참치김치 밥버거,1개 (230g)당,414kcal,14.00g,61.00g,11.00g
264,쫀득롤케익 초코,1인분 (140g)당,495kcal,28.00g,53.00g,7.00g
265,베이컨 땡초 김밥,1인분 (233g)당,356kcal,8.00g,58.00g,13.00g
266,보쌈겹살,1회 (150g)당,438kcal,30.00g,1.00g,41.00g
267,토핑3배참치마요,1인분 (157g)당,278kcal,6.00g,48.00g,8.00g
268,남도 떡갈비 김밥,1인분 (243g)당,421kcal,13.00g,62.00g,14.00g
269,고기2배,1인분 (108g)당,200kcal,3.50g,34.00g,8.00g
270,불고기 전주비빔 주먹밥,1회 (159g)당,279kcal,7.00g,46.00g,8.00g
271,최애 햄참마,1인분 (105g)당,193kcal,4.50g,33.00g,5.00g
272,티라미수 크림모찌,1개 (80g)당,185kcal,1.50g,40.00g,3.00g
273,트리플 불고기 치즈버거,1인분 (220g)당,694kcal,46.00g,47.00g,23.00g
274,케이준치킨샌드위치,1통 (190g)당,402kcal,10.00g,64.00g,14.00g
275,왕만쥬,1개 (73g)당,231kcal,3.00g,47.00g,4.00g
276,그릴치킨아몬드볼,1인분 (160g)당,110kcal,3.80g,8.00g,11.00g
277,카페모카,1컵 (300ml)당,200kcal,6.00g,30.00g,7.00g
278,마늘맛콘스낵,1회 (120g)당,600kcal,27.00g,83.00g,6.00g
279,참치김치,1개 (95g)당,146kcal,1.60g,30.00g,3.00g
280,8찬 정식,1인분 (390g)당,756kcal,24.00g,103.00g,32.00g
281,찹쌀떡 페스츄리,1인분 (80g)당,315kcal,15.00g,40.00g,5.00g
282,매콤고추장불고기,1인분 (110g)당,206kcal,3.80g,37.00g,6.00g
283,명란크랩 유부초밥,100g당,484kcal,20.00g,63.00g,13.00g
284,치킨마요,1회 (100g)당,212kcal,8.00g,30.00g,5.00g
285,홍게라면,1컵 (115g)당,500kcal,19.00g,72.00g,10.00g
286,스트로베리 찹쌀모찌,1개 (80g)당,190kcal,0.00g,44.00g,3.00g
287,구운란(자연애찬),100g당,55kcal,4.30g,2.00g,7.00g
288,쫀득한 초콜릿 마카롱,1인분 (72g)당,340kcal,18.00g,40.00g,4.00g
289,훈제 닭가슴살 샐러드,1인분 (170g)당,125kcal,2.14g,13.62g,12.53g
290,BLT 샌드위치 (130g),1회 (130g)당,230kcal,10.00g,25.00g,10.00g
291,수원식 왕갈비 치킨 버거,1개 (150g)당,411kcal,19.00g,44.00g,16.00g
292,추억의 매점 피자빵,100g당,400kcal,27.00g,33.00g,6.00g
293,The 부드러운 계란 샌드위치,1회 (155g)당,394kcal,22.00g,36.00g,13.00g
294,햄야채계란김밥,1인분 (250g)당,438kcal,14.00g,61.00g,17.00g
295,스파이시 치킨 샐러드,1인분 (146g)당,155kcal,11.00g,8.00g,6.00g
296,에그불고기치즈버거,1개 (150g)당,359kcal,19.00g,35.00g,12.00g
297,반숙계란,1인분 (50g)당,75kcal,4.20g,4.00g,6.00g
298,복숭아아이스티,1회 (190ml)당,120kcal,0.00g,30.00g,0.00g
299,뻥이요 골드,1회 (112g)당,510kcal,14.00g,91.00g,5.00g
300,집밥은 씨유 사골국,1컵 (8g)당,31kcal,0.80g,4.70g,1.30g
301,쫀득한 달고나 마카롱,1인분 (74g)당,323kcal,15.00g,43.00g,4.00g
302,에그 베네딕트 샌드위치,1인분 (150g)당,288kcal,12.00g,32.00g,13.00g
303,커피우유,1개 (500ml)당,285kcal,4.00g,16.00g,3.60g
304,에그마요 스쿱 샐러드,1인분 (120g)당,282kcal,22.00g,9.00g,12.00g
305,슈러스크,1봉지 (35g)당,138kcal,8.00g,15.00g,1.00g
306,김치콩나물국,1회 (5g)당,15kcal,0.00g,3.00g,1.00g
307,뚱한메가돈스바,100g당,268kcal,21.23g,3.66g,15.59g
308,빅불고기치즈버거,1회 (160g)당,413kcal,17.00g,49.00g,16.00g
309,남도떡갈비김밥,1인분 (243g)당,421kcal,13.00g,62.00g,14.00g
310,띵작 쫀득찰떡롤 플레인,1인분 (140g)당,425kcal,17.00g,62.00g,7.00g
311,BLT 샌드위치,100g당,293kcal,13.00g,33.00g,11.00g
312,비엘티샌드위치,2조각 (130g)당,230kcal,10.00g,25.00g,10.00g
313,불똥집 짜글이,1인분 (305g)당,295kcal,5.00g,45.00g,17.00g
314,단백질 닭가슴살 샌드위치,1인분 (207g)당,386kcal,14.00g,51.00g,14.00g
315,햄페스츄리,1개 (60g)당,225kcal,13.00g,22.00g,5.00g
316,더 건강한 소시지김밥,1인분 (252g)당,415kcal,11.00g,62.00g,17.00g
317,마늘보쌈 도시락,1회 (330g)당,595kcal,19.00g,78.00g,28.00g
318,퀴노아바질샐러드,1인분 (138g)당,111kcal,2.10g,16.00g,7.00g
319,쫀득롤케익 순우유,1인분 (130g)당,445kcal,25.00g,47.00g,7.00g
320,고메 함박스테이크,1인분 (410g)당,739kcal,31.00g,88.00g,27.00g
321,애플파이,1개 (110g)당,415kcal,23.00g,46.00g,6.00g
322,상하이 스파이시 치킨버거,1개 (175g)당,489kcal,25.00g,51.00g,15.00g
323,크랜베리 쿠키,1인분 (52g)당,239kcal,11.00g,33.00g,2.00g
324,자이언트 매콤 까르보 떡볶이,1인분 (350g)당,660kcal,28.00g,95.00g,10.00g
325,반숙대란,100g당,120kcal,4.10g,0.00g,6.00g
326,The 부드러운 와사비 크래미 샌드위치,1인분 (153g)당,269kcal,9.00g,40.00g,7.00g
327,매콤삼겹덮밥,1인분 (300g)당,685kcal,19.00g,107.00g,22.00g
328,꾸덕한 커스터드 크림슈,4개 (120g)당,309kcal,21.00g,24.00g,6.00g
329,NEW 햄치즈 샌드위치,1회 (130g)당,295kcal,12.00g,30.00g,12.00g
330,단짠불고기버거,1개 (130g)당,336kcal,16.00g,36.00g,12.00g
331,땅콩샌드,100g당,373kcal,17.00g,48.00g,7.00g
332,남도떡갈비정식,1인분 (417g)당,825kcal,33.00g,100.00g,32.00g
333,스팸김치김밥,1줄 (220g)당,340kcal,8.00g,57.00g,10.00g
334,오리지널 감자칩,1인분 (45g)당,260kcal,18.00g,23.00g,2.00g
335,새우롤,1팩 (205g)당,441kcal,17.00g,64.00g,8.00g
336,콘샐러드 샌드위치,1인분 (235g)당,432kcal,16.00g,62.00g,10.00g
337,양념돈까스 삼각김밥,1회 (108g)당,220kcal,5.00g,37.00g,6.00g
338,Big 참치마요 삼각김밥,1회 (155g)당,312kcal,8.00g,52.00g,8.00g
339,돼지불백정식,1인분 (475g)당,882kcal,34.00g,108.00g,36.00g
340,초코우유,1컵 (200ml)당,120kcal,4.50g,16.00g,4.00g
341,매콤한 닭갈비 주먹밥,1회 (170g)당,273kcal,4.00g,53.00g,6.00g
342,딸기바나나우유,1회 (270ml)당,240kcal,8.00g,36.00g,7.00g
343,와사비크래미샌드위치,1인분 (153g)당,269kcal,9.00g,40.00g,7.00g
344,아베크까망베르 치즈쿠키,1봉지 (70g)당,375kcal,21.00g,43.00g,4.00g
345,참치플렉스,100g당,165kcal,2.30g,32.00g,4.00g
346,참치&불고기 반반김밥,1줄 (205g)당,343kcal,7.00g,58.00g,12.00g
347,우삼겹 정식,1회 (435g)당,907kcal,47.00g,97.00g,24.00g
348,남도 떡갈비 정식,1인분 (417g)당,825kcal,33.00g,100.00g,32.00g
349,간장닭볶음김밥,1 인분 (239g)당,346kcal,6.00g,58.00g,15.00g
350,쫀득롤케익 딸기,1회 (140g)당,460kcal,25.00g,51.00g,8.00g
351,입안가득 참치비빔,1인분 (112g)당,224kcal,8.00g,30.00g,8.00g
352,크래미아 마카로니 샐러드,1엔분 (200g)당,415kcal,28.00g,34.00g,7.00g
353,2000참치마요,1회 (215g)당,377kcal,13.00g,52.00g,13.00g
354,블랙 아메리카노,1인분 (230ml)당,10kcal,0.00g,2.00g,1.00g
355,춘천식 닭갈비 도시락,1인분 (385g)당,633kcal,17.00g,90.00g,30.00g
356,뿌려킹 치벅,1회 (155g)당,434kcal,18.00g,47.00g,21.00g
357,7찬 매콤 불고기,1회 (440g)당,744kcal,24.00g,103.00g,29.00g
358,깻잎고추참치,1인분 (103g)당,174kcal,2.40g,33.00g,5.00g
359,대파제육볶음 삼각김밥,1인분 (105g)당,166kcal,1.50g,33.00g,5.00g
360,김자반 철판볶음밥,1 인분 (273g)당,506kcal,14.00g,87.00g,8.00g
361,치즈맛라면,1컵 (91g)당,380kcal,12.00g,61.00g,7.00g
362,초코콘,1봉지 (75g)당,400kcal,22.50g,47.50g,5.00g
363,반반참치불고기,1인분 (205g)당,343kcal,7.00g,58.00g,12.00g
364,고소한 고구마형 과자,1봉지 (125g)당,625kcal,27.00g,81.00g,14.00g
365,와사비참치김밥,1화 (245g)당,354kcal,10.00g,52.00g,14.00g
366,파르페 초코,1개 (305ml)당,298kcal,14.50g,40.70g,3.30g
367,흑당밀크티,1인분 (230ml)당,155kcal,3.00g,31.00g,1.00g
368,함박&돈까스 도시락,1인분 (411g)당,811kcal,31.00g,101.00g,32.00g
369,스리라차마요 참치듬뿍 샌드위치,1인분 (200g)당,438kcal,22.00g,44.00g,16.00g
370,치즈불닭버거,1인분 (161g)당,404kcal,16.00g,46.00g,20.00g
371,뻥이요,1/4봉지 (28g)당,135kcal,4.70g,21.00g,2.00g
372,에그마니샌드위치,1인분 (215g)당,442kcal,18.00g,52.00g,18.00g
373,터키햄 샐러드,1인분 (132g)당,115kcal,6.00g,11.00g,4.00g
374,두부된장국,1회 (7g)당,15kcal,0.00g,3.00g,1.00g
375,간장불고기 도시락,1회 (395g)당,730kcal,22.00g,98.00g,35.00g
376,고기고기치킨 도시락,1개 (405g)당,797kcal,25.00g,104.00g,39.00g
377,불닭김밥,1회당,325kcal,9.00g,52.00g,9.00g
378,햄에그치즈샌드,1인분 (150g)당,387kcal,15.00g,48.00g,15.00g
379,하이프로틴15,1인분 (250ml)당,150kcal,3.30g,14.00g,15.00g
380,700 소고기 고추장,100g당,178kcal,2.40g,35.00g,4.00g
381,NEW 케이준치킨 샌드위치,1인분 (190g)당,406kcal,10.00g,64.00g,15.00g
382,충무김밥,1인분 (264g)당,369kcal,2.30g,75.00g,12.00g
383,매콤돈까스,1줄 (215g)당,379kcal,11.00g,61.00g,9.00g
384,투바이트 브라우니 미니팩,1인분 (70g)당,320kcal,16.00g,41.00g,3.00g
385,불고기버거,1개 (110g)당,290kcal,14.00g,29.00g,10.00g
386,단짠단짠 버카롱,1인분 (94g)당,407kcal,23.00g,44.00g,6.00g
387,매콤한 콩불,1인분 (435g)당,853kcal,33.00g,112.00g,27.00g
388,파르페 딸기,1개 (305ml)당,265kcal,9.00g,44.00g,2.00g
389,스파이시치킨 바게트버거,1회 (135g)당,245kcal,5.00g,33.00g,17.00g
390,인생치케 바스크치즈,1인분 (105g)당,370kcal,22.00g,34.00g,9.00g
391,블루레몬에이드,1컵 (200ml)당,75kcal,0.00g,19.00g,0.00g
392,바다소리 햇구어 고등어,100g당,160kcal,15.00g,3.00g,16.00g
393,참치김치폭탄주먹밥,1회 (170g)당,330kcal,5.70g,64.00g,6.00g
394,크림치즈프레즐,100g당,279kcal,6.00g,48.00g,8.00g
395,초코츄러스맛 팝콘,100g당,330kcal,16.00g,43.00g,3.00g
396,콘치즈빵빵,1개 (105g)당,355kcal,15.00g,48.00g,7.00g
397,민트초코바,1바 (90ml)당,265kcal,13.00g,35.00g,2.00g
398,아이스초코,1컵 (190g)당,75kcal,0.60g,16.00g,1.00g
399,냉모밀,1인분 (523g)당,302kcal,3.80g,59.00g,8.00g
400,간장불고기 삼각김밥,1회 (110g)당,180kcal,3.50g,31.00g,6.00g
401,끝내주는 두부김치,1개 (265g)당,300kcal,16.00g,18.00g,21.00g
402,통통불닭다리버거,1회 (165g)당,464kcal,20.00g,54.00g,17.00g
403,진한 치즈에그 샌드위치,1인분 (200g)당,489kcal,29.00g,38.00g,19.00g
404,집밥은 씨유 가쓰오장국,1용기 (5g)당,12kcal,0.00g,3.00g,0.00g
405,쇼콜라 티라미수,1개 (190g)당,575kcal,34.00g,60.00g,7.00g
406,누가 비스킷 오리지널,1봉지 (14g)당,65kcal,2.60g,9.00g,1.00g
407,추억의 그시절 햄사라다빵,1회 (144g)당,357kcal,17.00g,42.00g,9.00g
408,콘칩 매콤달콤한맛,1인분 (50g)당,270kcal,16.00g,29.00g,2.70g
409,백종원 우삼겹 정식,1인분 (430g)당,780kcal,36.00g,88.00g,26.00g
410,팔도진미김밥,1회 (230g)당,339kcal,7.00g,53.00g,16.00g
411,마늘족반 불족반,1인분 (284g)당,584kcal,24.00g,35.00g,57.00g
412,사과조림 프렌치토스트,1인분 (204g)당,460kcal,12.00g,78.00g,10.00g
413,구운달걀 카레덮밥,1인분 (458g)당,675kcal,27.00g,86.00g,22.00g
414,김치두루치기 김밥,1회 (225g)당,380kcal,8.00g,66.00g,11.00g
415,땡참마요 삼각김밥,1인분 (155g)당,296kcal,8.00g,50.00g,6.00g
416,딥치즈베이컨버거,1인분 (165g)당,438kcal,26.00g,36.00g,15.00g
417,백종원 한판 도시락,1인분  (435g)당,843kcal,35.00g,100.00g,32.00g
418,초코아몬드쿠키,1봉지 (90g)당,400kcal,20.00g,51.00g,4.00g
419,리얼비프버거,1인분 (275g)당,666kcal,34.00g,66.00g,24.00g
420,모찌롤 플레인,1회 (50g)당,158kcal,10.00g,15.00g,2.00g
421,케이준치킨 샌드위치,1개 (190g)당,402kcal,10.00g,64.00g,14.00g
422,ASMR 쫀득크림면,1인분 (306g)당,490kcal,10.00g,91.00g,10.00g
423,매콤불고기,1회 (210g)당,334kcal,6.00g,60.00g,10.00g
424,고기김밥,1회 (215g)당,318kcal,6.00g,54.00g,12.00g
425,에그 베이컨 샌드위치,1인분 (130g)당,252kcal,8.00g,37.00g,8.00g
426,버터장조림 주먹밥,1회분 (160g)당,301kcal,9.00g,45.00g,10.00g
427,향긋한 아베크 까망베르 치즈쿠키,1/2봉지 (35g)당,185kcal,10.00g,22.00g,2.00g
428,플로리다 오렌지주스,1병 (270ml)당,155kcal,0.90g,34.00g,3.00g
429,콘치즈김볶 삼각김밥,1인분 (115g)당,218kcal,4.70g,39.00g,5.00g
430,든든하지롱 숯불김밥,1줄 (295g)당,508kcal,12.00g,80.00g,20.00g
431,큐브티라미수,1인분 (140g)당,440kcal,21.00g,56.00g,5.00g
432,매콤달콤 불고기 버거,1회 (140g)당,305kcal,13.00g,36.00g,11.00g
433,띵작 고구마 롤케익,1인분 (120g)당,325kcal,17.00g,39.00g,4.00g
434,마늘맛 콘스낵,1봉지 (120g)당,586kcal,26.00g,82.00g,6.00g
435,콰트로타워버거,1인분 (210g)당,503kcal,27.00g,52.00g,13.00g
436,풍성한 제육볶음 주먹밥,1개 (140g)당,231kcal,3.40g,43.00g,7.00g
437,애플파이,1인분 (85g)당,345kcal,14.00g,50.00g,4.00g
438,참치마요네즈삼각김밥,1회 (102g)당,186kcal,4.70g,31.00g,5.00g
439,앵그리 크림 쫄면,1인분 (407g)당,768kcal,24.00g,122.00g,16.00g
440,한판모둠순대,100g당,181kcal,4.60g,26.00g,9.00g
441,어니언스프,1인분 (22g)당,94kcal,2.80g,16.00g,1.00g
442,치킨포테이토 샌드,1인분 (210g)당,397kcal,17.00g,44.00g,17.00g
443,최애햄참마,1인분 (105g)당,193kcal,4.50g,33.00g,5.00g
444,호랑이라떼,1인분 (300ml)당,220kcal,10.00g,26.00g,6.00g
445,비프 치즈 버거,1개 (175g)당,482kcal,26.00g,43.00g,19.00g
446,통새우캘리포니아롤,1인분 (229g)당,455kcal,19.00g,61.00g,10.00g
447,생딸기 티라미수,100g당,185kcal,9.00g,25.00g,2.00g
448,츄러스샌드위치,1인분 (162g)당,679kcal,43.00g,65.00g,8.00g
449,백종원 매콤 불고기 정식,1개 (455g)당,741kcal,21.00g,108.00g,30.00g
450,리얼생초코찰떡,1인분 (35g)당,113kcal,2.30g,22.00g,1.00g
451,치킨버거,1개 (240g)당,584kcal,20.00g,77.00g,24.00g
452,스팸샌드위치,2조각 (160g)당,413kcal,25.00g,34.00g,13.00g
453,콘치즈 바게트버거,1인분 (135g)당,389kcal,25.00g,30.00g,11.00g
454,띵작 고구마롤케익,1회 (120g)당,325kcal,17.00g,39.00g,4.00g
455,떡갈비&닭갈비,1인분 (415g)당,690kcal,22.00g,88.00g,35.00g
456,사라다빵,1회 (130g)당,402kcal,26.20g,35.10g,6.50g
457,가츠산도,2조각 (174g)당,503kcal,27.00g,47.00g,18.00g
458,수원식왕갈비 치킨버거,1인분 (150g)당,411kcal,19.00g,44.00g,16.00g
459,리틀치즈큐브,1인분 (58g)당,355kcal,26.00g,27.00g,3.00g
460,매운 까르보볶이,1개 (109g)당,465kcal,16.00g,71.00g,9.00g
461,너비아니 밥바,1인분 (170g)당,310kcal,10.00g,46.00g,9.00g
462,참치김치김밥,1개 (200g)당,310kcal,6.00g,53.00g,10.00g
463,폭탄 전주비빔 빅볼,1인분 (230g)당,393kcal,9.00g,70.00g,8.00g
464,자두에이드,1인분 (230ml)당,120kcal,0.00g,29.00g,0.00g
465,소이볼 샐러드,100g당,145kcal,7.00g,16.00g,6.00g
466,고추참치 비빔우동,1인분 (309g)당,505kcal,13.00g,84.00g,13.00g
467,고구마앙파이,1봉지 (45g)당,166kcal,6.00g,26.00g,2.00g
468,흰우유콘,1인분 (150ml)당,210kcal,7.00g,33.00g,4.00g
469,단짠단짠 전주비빔,1인분 (105g)당,180kcal,2.70g,34.00g,5.00g
470,아카시아꿀물,1병 (180ml)당,106kcal,0.00g,26.00g,0.50g
471,고기왕듬뿍 도시락,1인분 (435g)당,730kcal,26.00g,91.00g,33.00g
472,크랩 참치 김밥,1회 (200g)당,345kcal,13.00g,47.00g,10.00g
473,베이컨참치마요,100g당,189kcal,5.00g,31.00g,5.00g
474,계란참치마요(CU),1회 (235g)당,402kcal,10.00g,60.00g,18.00g
475,카라멜아몬드 팝콘,1회 (30g)당,125kcal,2.60g,25.00g,1.40g
476,매콤등심 돈까스버거,1회 (215g)당,628kcal,32.00g,63.00g,22.00g
477,장조림 버터간장 삼각김밥,100g당,168kcal,1.30g,33.00g,6.00g
478,햄프씨드 바질 샐러드,1인분 (165g)당,135kcal,3.30g,18.00g,9.00g
479,전주비빔삼각김밥,1개 (107g)당,179kcal,2.10g,36.00g,4.00g
480,쿠키앤크림 오믈렛,1인분 (150g)당,510kcal,30.00g,56.00g,5.00g
481,춘천식 닭갈비김밥,1줄 (200g)당,338kcal,10.00g,50.00g,12.00g
482,포두부,100g당,410kcal,17.40g,18.60g,44.60g
483,바다에서 왔닥,100g당,85kcal,0.00g,9.60g,12.00g
484,당근케이크,1인분 (190g)당,500kcal,22.00g,67.00g,9.00g
485,훈제대란,1인분 (40g)당,70kcal,4.70g,0.00g,7.00g
486,미니식빵,1인분 (85g)당,251kcal,6.00g,43.00g,6.00g
487,양념숯불갈비맛 삼각김밥,1회 (105g)당,175kcal,2.10g,35.00g,4.00g
488,듬뿍 우렁된장 정식,1개 (430g)당,600kcal,12.00g,103.00g,20.00g
489,삼육두유콘,1인분 (150ml)당,194kcal,6.00g,33.00g,2.00g
490,순살치킨 스테이크,100g당,205kcal,12.00g,2.00g,22.00g
491,춘천식 닭갈비 삼각김밥,1회 (95g)당,163kcal,2.10g,32.00g,4.00g
492,베리굿 딸기 오믈렛,1회 (150g)당,350kcal,19.00g,40.00g,5.00g
493,빡포션,1인분 (12g)당,43kcal,0.00g,6.00g,5.00g
494,햄계란말이김밥,1인분 (250g)당,424kcal,12.00g,63.00g,16.00g
495,간장불고기 김밥,1인분 (254g)당,395kcal,11.00g,57.00g,17.00g
496,참치김볶,1개 (110g)당,223kcal,7.00g,34.00g,6.00g
497,광양식불고기덮밥,1 인분 (306g)당,552kcal,8.00g,94.00g,26.00g
498,핫찰도그체다치즈,1개 (140g)당,364kcal,6.00g,40.00g,18.00g
499,자이언트 치즈핫도그,1회 (146g)당,410kcal,19.00g,49.00g,11.00g
500,새우샌드,1개 (115g)당,255kcal,11.00g,29.00g,10.00g
501,시원한 바지락 칼국수,100g당,275kcal,1.50g,55.00g,11.00g
502,에그밤 샌드위치,1인분 (195g)당,425kcal,21.00g,41.00g,18.00g
503,자이언트 더블 불고기 버거,1인분 (170g)당,440kcal,20.00g,46.00g,19.00g
504,오세득의 알을 품은 치킨 샐러드,1인분 (145g)당,185kcal,13.00g,8.00g,10.00g
505,월넛쿠키,1개 (52g)당,254kcal,14.00g,29.00g,3.00g
506,스테디3단 샌드위치,1인분 (137g)당,309kcal,13.00g,41.00g,7.00g
507,NEW 참치마요네즈 삼각김밥,1개 (105g)당,200kcal,5.00g,35.00g,4.00g
508,초코우유,100ml당,60kcal,2.25g,8.00g,2.00g
509,팔도진미 강원도편 춘천식닭갈비,1개 (385g)당,633kcal,17.00g,90.00g,30.00g
510,치킨 포테이토 샌드위치,1회 (130g)당,237kcal,5.00g,40.00g,8.00g
511,역대급 참치왕 참치마요 밥바,1인분 (180g)당,314kcal,10.00g,48.00g,8.00g
512,8찬정식,1인분 (390g)당,756kcal,24.00g,103.00g,32.00g
513,치킨텐더,1인분 (241g)당,368kcal,8.00g,62.00g,12.00g
514,참치마요밥바,1인분 (180g)당,314kcal,10.00g,48.00g,8.00g
515,빅 불고기버거,1개 (160g)당,345kcal,15.00g,39.00g,13.00g
516,새우까스버거,1봉지 (130g)당,340kcal,17.00g,37.00g,10.00g
517,수원왕갈비치킨버거,1회 (150g)당,411kcal,19.00g,44.00g,16.00g
518,수원식 왕갈비 치킨,1팩 (160g)당,380kcal,16.00g,32.00g,27.00g
519,버터스카치라떼,1인분 (300ml)당,215kcal,1.40g,42.00g,9.00g
520,초코시루케이크,1개 (240g)당,760kcal,30.00g,106.00g,12.00g
521,폭탄전주비빔빅볼,1인분 (230g)당,440kcal,16.00g,62.00g,12.00g
522,꿀조합최애7찬,1인분 (385g)당,792kcal,24.00g,114.00g,30.00g
523,로투스 비스코프 생크림케익,1인분 (170g)당,575kcal,30.00g,70.00g,6.00g
524,곱창철판볶음밥,1인분 (270g)당,561kcal,17.00g,92.00g,10.00g
525,콘소메맛 케틀칩,1봉 (66g)당,300kcal,11.00g,46.00g,5.00g
526,더블초코케이크,1인분 (64g)당,254kcal,14.00g,28.00g,4.00g
527,The 부드러운 햄에그 샌드위치,100g당,260kcal,12.00g,30.00g,8.00g
528,리챔 치킨도시락,1인분 (407g)당,879kcal,39.00g,100.00g,32.00g
529,간장닭볶음 삼각김밥,1인분 (105g)당,188kcal,3.50g,34.00g,5.00g
530,스팸계란참치마요김밥,1인분 (232g)당,488kcal,20.00g,61.00g,16.00g
531,스팸 2배 마요 김밥,1인분 (210g)당,421kcal,17.00g,58.00g,9.00g
532,클래식 마들렌,1인분 (85g)당,393kcal,21.00g,45.00g,6.00g
533,어니언 불고기 주먹밥,1인분 (190g)당,354kcal,6.00g,65.00g,10.00g
534,청포도 스파클링,1병 (200ml)당,125kcal,0.00g,31.00g,0.00g
535,파르페 플러리,1컵 (305ml)당,277kcal,9.00g,47.00g,2.00g
536,백종원 고기만두 호빵,1회 (110g)당,330kcal,12.00g,43.00g,13.00g
537,국민집밥 소불고기 삼각김밥,1개 (110g)당,197kcal,3.70g,34.00g,7.00g
538,훈제오리 도시락,1회 (380g)당,713kcal,25.00g,94.00g,28.00g
539,타마고산도,1회 (236g)당,396kcal,16.00g,39.00g,24.00g
540,오리지날 모찌롤 딸기,1인분 (50g)당,166kcal,10.00g,17.00g,2.00g
541,최애햄참마 삼각김밥,1인분 (105g)당,193kcal,4.50g,33.00g,5.00g
542,속초홍게라면,1컵 (115g)당,500kcal,19.00g,72.00g,10.00g
543,유러피안BLT,1인분 (246g)당,374kcal,14.00g,47.00g,15.00g
544,매콤크림면,1인분 (291g)당,510kcal,11.00g,91.00g,12.00g
545,꼬꼬 간장 덮밥,1 인분 (239g)당,415kcal,11.00g,64.00g,15.00g
546,토핑왕 매콤 직화불고기 삼각김밥,1인분 (150g)당,268kcal,4.40g,47.00g,10.00g
547,LIGHT 리얼너츠,1회 (20g)당,121kcal,10.99g,3.87g,3.63g
548,맵달 양념치킨,1인분 (107g)당,199kcal,3.40g,37.00g,5.00g
549,초코바나나우유,1병 (270ml)당,240kcal,7.00g,36.00g,7.00g
550,원조김밥,1인분 (220g)당,314kcal,3.80g,61.00g,9.00g
551,떠먹는 매콤삼겹 밥버거,1인분 (200g)당,361kcal,9.00g,59.00g,11.00g
552,제육쌈밥김밥,1인분 (225g)당,360kcal,10.00g,56.00g,13.00g
553,띵작 쫀득롤케익 그린티,1인분 (110g)당,368kcal,23.00g,34.00g,6.00g
554,오늘은 햄에그롤,1회 (120g)당,185kcal,10.00g,9.00g,15.00g
555,돈스바,100g당,268kcal,22.29g,2.81g,13.91g
556,크림치즈시나몬롤,1개 (85g)당,274kcal,10.00g,40.00g,6.00g
557,비빔참치 삼각김밥,1인분 (101g)당,184kcal,4.00g,33.00g,4.00g
558,오트밀크,1인분 (225ml)당,200kcal,7.00g,26.00g,8.50g
559,치즈순삭,1봉지 (54g)당,270kcal,12.00g,38.00g,2.00g
560,마라볶음면,1컵 (239g)당,465kcal,4.40g,95.00g,12.00g
561,생딸기크림소보로,100g당,327kcal,11.00g,51.00g,6.00g
562,편스토랑 미트파이 오리지널,1개 (170g)당,384kcal,16.00g,39.00g,21.00g
563,치즈닭갈비 삼각김밥,100g당,150kcal,1.60g,27.00g,7.00g
564,오리&불고기 정식 도시락,1인분 (380g)당,747kcal,23.00g,96.00g,39.00g
565,맘모쑥,1인분 (245g)당,768kcal,16.00g,142.00g,14.00g
566,봄나물 비빔밥 (353g),1인분 (353g)당,533kcal,9.00g,99.00g,14.00g
567,훈제오리제육볶음,1인분 (385g)당,763kcal,23.00g,100.00g,39.00g
568,묵은지 햄마요 김밥,1인분 (225g)당,347kcal,11.00g,53.00g,9.00g
569,고깃집볶음밥,100g당,198kcal,6.00g,28.00g,8.00g
570,진한초코칩쿠키,1인분 (80g)당,405kcal,18.00g,55.00g,5.00g
571,티라미수초코파이,1인분 (62g)당,270kcal,14.00g,33.00g,3.00g
572,오리지날 모찌롤 초코,1회 (50g)당,145kcal,9.00g,14.00g,2.00g
573,쿠키티라미수,1인분 (190g)당,610kcal,36.00g,64.00g,8.00g
574,연어왕 훈제연어 밥바,1인분 (180g)당,303kcal,7.00g,57.00g,3.00g
575,의성마늘떡갈비 김밥,1줄 (220g)당,343kcal,7.00g,58.00g,12.00g
576,대만식 구운 새우 샤오롱바오,1인분 (204g)당,400kcal,17.00g,46.00g,16.00g
577,쫀득롤케익 삼육두유,1인분 (150g)당,500kcal,27.00g,56.00g,8.00g
578,더블 쇼콜라 타르트,1인분 (38g)당,200kcal,12.00g,21.00g,2.00g
579,속편한 우엉유부 김밥,1개 (205g)당,315kcal,3.90g,61.00g,9.00g
580,짬뽕불고기 도시락,1개 (395g)당,686kcal,18.00g,110.00g,21.00g
581,쑥떡쑥떡샌드,1인분 (180ml)당,195kcal,4.80g,35.00g,3.00g
582,참치김치볶음밥,100g당,181kcal,4.50g,30.00g,5.00g
583,커스타드 크림&단팥 호빵,1개 (120g)당,340kcal,10.00g,56.00g,7.00g
584,마늘소스 순살족발,1인분 (150g)당,343kcal,17.00g,8.00g,40.00g
585,The 부드러운 치킨포테이토 샌드위치,1인분 (130g)당,237kcal,5.00g,40.00g,8.00g
586,큐브크림치즈케익,1인분 (140g)당,430kcal,21.00g,54.00g,5.00g
587,스팸계란참치마요,1인분 (232g)당,488kcal,20.00g,61.00g,16.00g
588,스팸밥바,1인분 (155g)당,273kcal,9.00g,39.00g,9.00g
589,스팸 김치볶음 밥바,1개 (140g)당,362kcal,14.00g,51.00g,8.00g
590,목살큐브스테이크,1회 (345g)당,647kcal,27.00g,72.00g,29.00g
591,트러플피자,1인분 (185g)당,460kcal,12.00g,63.00g,24.00g
592,제주 흑돼지 비빔밥,1인분 (503g)당,925kcal,25.00g,140.00g,35.00g
593,잇츠빅 소시지핫도그 핫케이준,1개 (190g)당,469kcal,25.00g,48.00g,13.00g
594,쫀득 멜론 롤케익,1개 (50g)당,157kcal,9.00g,17.00g,2.00g
595,국민간식 길거리토스트,1인분 (210g)당,454kcal,14.00g,63.00g,19.00g
596,통통 햄계란말이 김밥,1인분 (250g)당,424kcal,12.00g,63.00g,16.00g
597,매콤달콤 치즈불고기버거,1회 (150g)당,380kcal,16.00g,46.00g,13.00g
598,통햄구이참치마요 삼각김밥,1회 (109g)당,218kcal,5.90g,36.00g,5.00g
599,집밥은 씨유 육개장,1컵 (8g)당,27kcal,0.80g,4.00g,1.00g
600,베이컨 에그 디럭스 샌드위치,1인분 (175g)당,422kcal,22.00g,36.00g,20.00g
601,오늘은치즈에그롤,1회 (120g)당,170kcal,8.00g,10.00g,15.00g
602,치즈참치마요,1인분 (219g)당,355kcal,11.00g,51.00g,13.00g
603,자이언트 피자 콤보,1조각 (205g)당,535kcal,19.00g,64.00g,27.00g
604,바싹불고기 삼각김밥,100g당,240kcal,8.00g,35.00g,7.00g
605,뚱한치즈메가돈스바,1인분 (180g)당,268kcal,22.29g,2.81g,13.91g
606,호로록 수제비,1인분 (216g)당,519kcal,1.70g,117.00g,9.00g
607,카프레제샌드위치,1인분 (150g)당,295kcal,11.00g,39.00g,10.00g
608,돈까스마요&스팸마요 반반김밥,1줄 (210g)당,379kcal,15.00g,52.00g,9.00g
609,쿠키크림케익,1개 (110g)당,350kcal,9.00g,60.00g,6.00g
610,한입 돈까스,1회 (505g)당,1375kcal,67.00g,157.00g,36.00g
611,딸기크림빵,1인분 (110g)당,302kcal,10.00g,47.00g,6.00g
612,눈꽃치즈함박,1인분 (354g)당,832kcal,44.00g,74.00g,35.00g
613,맛있는 핫도그 오리지널,1개 (135g)당,352kcal,20.00g,32.00g,11.00g
614,자이언트더블불고기버거,1인분 (170g)당,440kcal,20.00g,46.00g,19.00g
615,치킨 단호박 샌드위치,1팩 (135g)당,302kcal,14.00g,34.00g,10.00g
616,자케 브라우니,1인분 (30g)당,129kcal,7.20g,14.00g,2.00g
617,계란참치마요김밥,1인분 (235g)당,402kcal,10.00g,60.00g,18.00g
618,떠먹는 리챔 김치 밥버거,1인분 (193g)당,313kcal,5.00g,56.00g,11.00g
619,햄치즈연유,1인분 (80g)당,213kcal,9.00g,27.00g,6.00g
620,The 치킨스테이크 샐러드,100g당,124kcal,1.93g,11.36g,15.37g
621,머루포도,100g당,59kcal,0.30g,14.90g,0.80g
622,메론우유,1컵 (200ml)당,130kcal,5.40g,16.00g,4.20g
623,오트 크랜베리쿠키,1/2봉지 (35g)당,170kcal,7.00g,25.00g,2.00g
624,The 부드러운 베이컨에그 샌드위치,1개 (131g)당,306kcal,14.00g,36.00g,9.00g
625,오븐구이랍스터,1인분 (80g)당,80kcal,0.00g,6.00g,8.00g
626,생크림 딸기 오믈렛,1인분 (150g)당,340kcal,15.00g,47.00g,5.00g
627,집밥은 씨유 미역국,1컵 (8g)당,26kcal,0.00g,6.00g,0.40g
628,스팸김치볶음밥바,1개 (140g)당,362kcal,14.00g,51.00g,8.00g
629,쫀득한 두꺼비 마카롱,1인분 (72g)당,322kcal,15.00g,41.00g,4.00g
630,우유팥빙수,1인분 (300ml)당,423kcal,5.00g,87.00g,7.00g
631,빅 바베큐 버거,1회 (160g)당,335kcal,15.00g,39.00g,11.00g
632,촉촉한 크랜베리쿠키,1개 (60g)당,335kcal,15.00g,30.00g,3.00g
633,NEW 4단 점보 샌드위치,1회 (185g)당,434kcal,22.00g,49.00g,10.00g
634,뉴게맛살&햄치즈샌드위치,1개 (160g)당,377kcal,18.00g,42.00g,12.60g
635,NEW 베스트 3단 샌드위치,1회 (155g)당,323kcal,15.00g,36.00g,11.00g
636,신나는 초코 뉴짱,1회 (95g)당,530kcal,32.00g,55.00g,5.00g
637,꽃맛살샐러드 샌드위치,1인분 (190g)당,348kcal,16.00g,41.00g,10.00g
638,헤이루 우유,100ml당,65kcal,3.60g,5.00g,3.00g
639,듬뿍 참치마요,1줄 (190g)당,318kcal,10.00g,48.00g,9.00g
640,종가집김치 수육정식,1개 (340g)당,643kcal,23.00g,77.00g,32.00g
641,1500식빵,100g당,285kcal,4.40g,53.00g,8.00g
642,버라이어티 샌드위치,1회 (150g)당,406kcal,18.00g,49.00g,12.00g
643,백종원의 매콤컵떡볶이,1인분 (205g)당,520kcal,3.80g,113.00g,8.00g
644,초코아몬드쿠키,1/3봉지 (30g)당,146kcal,6.00g,21.00g,2.00g
645,매콤불고기김밥,1회 (210g)당,318kcal,6.00g,54.00g,12.00g
646,김치듬뿍 삼각김밥,1인분 (105g)당,171kcal,2.50g,34.00g,3.00g
647,블루베리,1병 (270ml)당,168kcal,0.00g,42.00g,0.00g
648,Big 요구르트,1인분 (80ml)당,45kcal,0.00g,10.00g,1.20g
649,포테이토 샌드,1인분 (95g)당,218kcal,10.00g,26.00g,6.00g
650,꼬불이 라면스낵,1회 (50g)당,300kcal,21.00g,27.00g,0.40g
651,떡갈비 밥바,1회 (170g)당,318kcal,10.00g,47.00g,10.00g
652,대파제육볶음,1인분 (105g)당,166kcal,1.50g,33.00g,5.00g
653,쿠키 티라미수,1인분 (190g)당,610kcal,36.00g,64.00g,8.00g
654,리챔김치밥버거,1인분 (193g)당,313kcal,5.00g,56.00g,11.00g
655,계란 떡볶이비빔 밥볼,1인분 (200g)당,298kcal,2.90g,58.00g,10.00g
656,촉촉 계란 샌드위치,1팩 (170g)당,502kcal,34.00g,35.00g,14.00g
657,달콤한 다쿠아즈,1회 (26g)당,95kcal,4.20g,13.00g,1.00g
658,김치크림볶음밥,1인분 (320g)당,480kcal,12.00g,84.00g,9.00g
659,간장 직화불고기 삼각김밥,1 인분 (150g)당,264kcal,4.00g,47.00g,10.00g
660,고깃집 볶음밥 김밥,1인분 (190g)당,342kcal,10.00g,48.00g,15.00g
661,돈먹고 돈워리 돈까스 샌드위치,1인분 (165g)당,399kcal,19.00g,38.00g,19.00g
662,콤비네이션피자,1조각 (132g)당,305kcal,10.00g,37.00g,17.00g
663,브라운슈가라떼,1회 (250ml)당,200kcal,6.00g,30.00g,6.00g
664,햄에그 디럭스 샌드위치,1인분 (190g)당,505kcal,29.00g,44.00g,17.00g
665,오므라이스롤,1개 (160g)당,235kcal,3.00g,42.00g,10.00g
666,보성녹돈 불고기 정식,1인분 (435g)당,777kcal,21.00g,116.00g,31.00g
667,햄&치즈 프렌치토스트,1봉 (120g)당,286kcal,10.00g,40.00g,9.00g
668,수육삼겹족발보쌈,100g당,280kcal,18.00g,6.00g,23.00g
669,딸기초코파이,100g당,454kcal,28.00g,46.00g,5.00g
670,닭갈비삼각김밥,100g당,168kcal,1.40g,34.00g,4.70g
671,자이언트피자,1개 (205g)당,540kcal,19.00g,64.00g,27.00g
672,쿠키크림가득 브라우니케이크,1인분 (75g)당,280kcal,16.00g,31.00g,3.00g
673,듬뿍참치마요,1줄 (190g)당,318kcal,10.00g,48.00g,9.00g
674,빅 요구르트,1컵 (80ml)당,45kcal,0.00g,10.00g,1.20g
675,달콤한 우유크림 빅슈,1개 (120g)당,395kcal,31.00g,21.00g,8.00g
676,스파이시마요 치킨샐러드,1팩 (184g)당,190kcal,9.00g,16.00g,10.00g
677,불향가득 간장불고기,1개 (150g)당,264kcal,4.00g,47.00g,10.00g
678,크랜베리 호밀 샌드위치,1개 (130g)당,315kcal,16.00g,35.00g,8.00g
679,채식주의 버거,1인분  (155g)당,318kcal,10.00g,41.00g,16.00g
680,대감댁 장자 슬라이스 족발,100g당,190kcal,5.00g,8.00g,28.00g
681,씨유우유,100ml당,65kcal,4.00g,4.50g,3.00g
682,제주 흑돼지 두루치기 김밥,1줄 (195g)당,316kcal,8.00g,48.00g,13.00g
683,앙증맞은 우유앙빵,1회 (50g)당,190kcal,4.90g,35.00g,2.00g
684,소확행 김밥,1줄 (195g)당,300kcal,3.10g,56.00g,12.00g
685,오늘의 도시락 탕수육&깐풍치킨,1개 (415g)당,863kcal,31.00g,119.00g,27.00g
686,오리 파워업 덮밥,1인분 (380g)당,651kcal,19.00g,102.00g,18.00g
687,THE충김볶이슈레시피 삼각김밥,1 인분 (105g)당,189kcal,2.80g,37.00g,4.00g
688,하늘의 별딸기,1인분 (60g)당,305kcal,15.00g,38.00g,4.00g
689,참치마요 심플샌드,100g당,275kcal,11.00g,35.00g,9.00g
690,오늘은치킨이닭!,1인분 (423g)당,913kcal,33.00g,122.00g,32.00g
691,자이언트 빨간 순대,1컵 (320g)당,518kcal,6.00g,102.00g,13.00g
692,숯불고기김밥,1인분 (195g)당,340kcal,8.00g,53.00g,14.00g
693,브라우니타르트,1회 (42g)당,190kcal,10.00g,23.00g,2.00g
694,달고나 케익,100g당,300kcal,11.00g,46.00g,4.00g
695,짭쪼롬한 통스팸김볶,100g당,192kcal,4.40g,33.00g,5.00g
696,치킨볼 닭강정맛,1봉지 (71g)당,330kcal,12.00g,53.00g,3.00g
697,안동식 찜닭김밥,1인분 (225g)당,332kcal,8.00g,52.00g,13.00g
698,밥말라 부대찌개라면,1회 (146g)당,455kcal,17.00g,66.00g,10.00g
699,갈릭 퐁듀 큐브스테이크,1인분 (340g)당,558kcal,14.00g,89.00g,19.00g
700,띵작 쫀득롤케익 멜론,1인분 (145g)당,485kcal,25.00g,58.00g,7.00g
701,베이컨땡초,1인분 (110g)당,205kcal,4.50g,37.00g,4.00g
702,모히또레몬라임,1회 (340ml)당,105kcal,0.00g,16.00g,0.00g
703,맛있는 핫도그,1회 (120g)당,310kcal,16.00g,31.00g,11.00g
704,제육챌린지,1인분 (426g)당,690kcal,26.00g,83.00g,31.00g
705,빵빵 크림빵,1인분 (150g)당,500kcal,19.00g,72.00g,8.00g
706,간장직화불고기,1인분 (150g)당,264kcal,4.00g,47.00g,10.00g
707,달콤간장닭꼬치,1인분 (120g)당,214kcal,10.00g,17.00g,14.00g
708,흑임자인절미스낵,1인분 (60g)당,315kcal,17.00g,36.00g,4.00g
709,겉바속촉 참치마요,1인분 (115g)당,219kcal,7.00g,31.00g,8.00g
710,오리지널 멕시칸,1인분 (367g)당,608kcal,24.00g,78.00g,20.00g
711,무지개 케이크,1인분 (200g)당,635kcal,28.00g,84.00g,10.00g
712,흑마늘 훈제삼겹,100g당,406kcal,37.00g,5.00g,14.00g
713,오빠닭다리,1인분 (140g)당,230kcal,12.00g,2.00g,30.00g
714,촉촉계란샌드위치,1개 (170g)당,502kcal,34.00g,35.00g,14.00g
715,베이컨에그디럭스샌드위치,1팩 (175g)당,422kcal,22.00g,36.00g,20.00g
716,감귤 타르트 약과,1 인분 (30g)당,130kcal,4.70g,20.00g,2.00g
717,달콤한 아베크 초코사브레쿠키,6개 (35g)당,180kcal,9.00g,23.00g,2.00g
718,잠발라야치킨 미니샐러드,1인분 (141g)당,162kcal,10.00g,7.00g,11.00g
719,반숙에그샌드,1인분 (220g)당,408kcal,20.00g,40.00g,17.00g
720,미트소스 계란덮밥,1인분 (460g)당,596kcal,12.00g,104.00g,18.00g
721,스페셜 찬 도시락,1개 (385g)당,703kcal,23.00g,95.00g,29.00g
722,명란크랩유부초밥,1인분 (245g)당,484kcal,20.00g,63.00g,13.00g
723,7찬매콤불고기,1인분 (445g)당,715kcal,23.00g,94.00g,33.00g
724,달닭삼각김밥,1인분 (105g)당,170kcal,1.50g,34.00g,5.00g
725,크랩참치마요 삼각김밥,1인분 (110g)당,196kcal,4.40g,35.00g,4.00g
726,홍장미베리땅콩샌드위치,1인분 (140g)당,382kcal,10.00g,64.00g,9.00g
727,치킨마요 밥바,1개 (185g)당,560kcal,20.00g,84.00g,11.00g
728,The 부드러운 와사비크래미 샌드위치,1회 (153g)당,269kcal,9.00g,40.00g,7.00g
729,트리플치즈버거,1인분 (170g)당,548kcal,36.00g,41.00g,15.00g
730,대만식 왕자치즈감자,1 인분 (200g)당,415kcal,28.00g,35.00g,6.00g
731,요일도시락 깐풍치킨,1회 (365g)당,726kcal,26.00g,98.00g,25.00g
732,엄마가 싸준 도시락,1회 (375g)당,617kcal,17.00g,94.00g,22.00g
733,매콤불고기정식,1인분 (450g)당,843kcal,31.00g,112.00g,29.00g
734,매콤 불고기 김밥,1줄 (210g)당,318kcal,6.00g,54.00g,12.00g
735,초코크런치,1인분 (63g)당,335kcal,18.00g,38.00g,5.00g
736,수란덮밥,1인분 (348g)당,445kcal,7.00g,80.00g,16.00g
737,베스트 4단 샌드위치,1인분 (167g)당,402kcal,22.00g,40.00g,11.00g
738,달콤함이 꽉찬 호떡,1회 (85g)당,264kcal,3.40g,51.00g,5.95g
739,집밥은 씨유 된장국,1용기 (5ml)당,15kcal,0.00g,3.00g,1.00g
740,베이컨 치즈 디럭스 샌드위치,2조각 (155g)당,448kcal,24.00g,44.00g,14.00g
741,햄쌈도시락,1인분 (400g)당,786kcal,30.00g,107.00g,22.00g
742,로스트치킨 에그볼,1인분 (170g)당,192kcal,12.00g,9.00g,12.00g
743,육즙만두봉,1인분 (80g)당,190kcal,15.00g,4.00g,10.00g
744,팝핑캔디스낵,1인분 (50g)당,275kcal,16.00g,30.00g,3.00g
745,고들빼기 두루치기 덮밥,1인분 (303g)당,475kcal,7.00g,85.00g,18.00g
746,타르타르 참치마요 삼각김밥,1회 (105g)당,209kcal,5.00g,36.00g,5.00g
747,레몬녹차,1병 (360ml)당,145kcal,0.00g,36.00g,0.00g
748,매콤불고기삼각김밥,100g당,148kcal,1.30g,31.00g,3.00g
749,에그치킨샌드위치,1인분 (120g)당,297kcal,13.00g,32.00g,13.00g
750,호밀 3단 샌드위치,1인분 (118g)당,285kcal,11.00g,37.00g,9.00g
751,소프트 인절미스낵,1회 (86g)당,450kcal,26.00g,47.00g,7.00g
752,새우유부초밥,1인분 (230g)당,463kcal,15.00g,69.00g,13.00g
753,불고기 듬뿍 버거,1인분 (200g)당,487kcal,23.00g,47.00g,23.00g
754,알을 품은 꼬꼬 샐러드,1회 (180g)당,170kcal,10.00g,10.00g,9.00g
755,뉴 소고기고추장 삼각김밥,1개 (115g)당,187kcal,3.00g,30.00g,10.00g
756,버터갈릭치킨샌드위치,1인분 (165g)당,454kcal,18.00g,59.00g,14.00g
757,그린티 초코바,1개 (90ml)당,189kcal,12.00g,19.00g,2.00g
758,쫀득롤케익 고구마,1인분 (140g)당,380kcal,20.00g,45.00g,5.00g
759,고추참치비빔우동,1인분 (309g)당,505kcal,13.00g,84.00g,13.00g
760,떠-블 떡갈비버거,1인분 (208g)당,487kcal,23.00g,48.00g,22.00g
761,쫀득우유찰빵,1인분 (25g)당,75kcal,2.00g,14.00g,0.60g
762,메이플라떼,1인분 (250ml)당,165kcal,5.80g,23.00g,5.00g
763,거꾸로 계란초밥,1개 (108g)당,168kcal,2.70g,32.00g,4.00g
764,펭러뷰 쇼콜라케익,100g당,500kcal,24.00g,61.00g,10.00g
765,초코청크 로얄쿠키,1인분 (70g)당,347kcal,15.00g,50.00g,4.00g
766,딸기콘,1회 (30g)당,145kcal,6.00g,21.00g,2.00g
767,청포도 오믈렛,1인분 (150g)당,400kcal,23.00g,46.00g,5.00g
768,말차소라빵,100g당,303kcal,19.00g,33.00g,5.00g
769,데리야끼 치킨 주먹밥,1회 (165g)당,268kcal,4.00g,51.00g,7.00g
770,에그 스테이크 머핀샌드,1회 (150g)당,316kcal,16.00g,32.00g,11.00g
771,매콤고등어정식,도시락 1개당,554kcal,14.00g,80.00g,27.00g
772,3단매콤불고기버거,1개 (195g)당,547kcal,27.00g,56.00g,20.00g
773,우유팥빙수,100g당,120kcal,1.60g,24.00g,2.00g
774,13곡 초코바,1봉 (20g)당,110kcal,6.00g,11.00g,2.00g
775,새마을식당 열탄불고기 찐빵,1회 (95g)당,228kcal,4.90g,38.00g,8.00g
776,몽골리안 정식,1인분 (390g)당,812kcal,32.00g,110.00g,21.00g
777,동글동글 빵카롱,1인분 (70g)당,315kcal,15.00g,40.00g,5.00g
778,달콤칠리 닭가슴살 & 병아리콩 잡곡밥,1회 (210g)당,285kcal,4.30g,42.00g,19.00g
779,고구마 앙파이,1회 (45g)당,166kcal,6.00g,26.00g,2.00g
780,띵작 쫀득 멜론 롤케익 (50g),1회 (50g)당,157kcal,9.00g,17.00g,2.00g
781,참치김치볶음삼각김밥,100g당,172kcal,3.70g,31.00g,4.00g
782,트위스트,1회 (30g)당,150kcal,7.00g,20.00g,2.00g
783,햄참치 폭탄주먹밥,1개 (170g)당,320kcal,10.00g,50.00g,7.00g
784,모찌모찌롤 믹스,1회 (140g)당,430kcal,19.00g,58.00g,8.00g
785,유부&김밥세트,1개 (225g)당,424kcal,8.00g,76.00g,12.00g
786,통통새우 샌드위치,1회 (150g)당,449kcal,25.00g,47.00g,9.00g
787,고깃집볶음밥 김밥,1회 (185g)당,286kcal,6.00g,44.00g,14.00g
788,뉴소고기고추장삼각김밥,1회 (115g)당,184kcal,1.50g,37.00g,6.00g
789,장조림김 밥,1개 (170g)당,255kcal,2.40g,49.00g,9.20g
790,스키피 대만식 땅콩잼 샌드위치,2조각 (138g)당,423kcal,23.00g,41.00g,13.00g
791,아보카도 크림치즈롤,1 인분 (246g)당,435kcal,15.00g,63.00g,12.00g
792,뿌려킹치벅,1인분 (155g)당,434kcal,18.00g,47.00g,21.00g
793,스파이시 치즈버거,1봉 (235g)당,650kcal,38.00g,55.00g,22.00g
794,게맛살 참치 디럭스 샌드위치,1인분 (165g)당,399kcal,19.00g,44.00g,13.00g
795,매콤짭짤 소고기고추장,100g당,168kcal,1.80g,34.00g,4.00g
796,9첩 반상,1인분 (420g)당,691kcal,23.00g,94.00g,27.00g
797,GET 카페라떼,1병 (280ml)당,186kcal,6.00g,27.00g,6.00g
798,치아바타 포테이토 피자,1회 (95g)당,260kcal,12.00g,28.00g,8.00g
799,모두다돼지 도시락,1인분 (420g)당,864kcal,28.00g,114.00g,39.00g
800,참치마요&통햄김볶,2조각 (203g)당,374kcal,10.00g,61.00g,10.00g
801,단짝,1개 (46g)당,174kcal,0.00g,43.00g,0.00g
802,흑임자빙수,1인분 (280ml)당,393kcal,9.00g,72.00g,6.00g
803,콘치즈핫도그,1회 (150g)당,437kcal,25.00g,39.00g,14.00g
804,씨프로틴,100g당,85kcal,0.00g,9.60g,12.00g
805,콤보 치즈 크래커,1봉지 (17g)당,86kcal,4.00g,11.50g,1.00g
806,구운양파맛 케틀칩,1봉지 (66g)당,320kcal,15.00g,42.00g,5.00g
807,고구마아몬드샐러드,100g당,175kcal,7.00g,26.00g,2.00g
808,블루베리 땅콩잼 샌드위치,1인분 (140g)당,423kcal,19.00g,52.00g,11.00g
809,피자빵빵버거,1인분 (140g)당,298kcal,10.00g,35.00g,17.00g
810,꼬막에 빠진 빨간밥,1인분 (275g)당,485kcal,13.00g,82.00g,10.00g
811,잇츠빅 소시지핫도그 콘치즈,1개 (180g)당,486kcal,30.00g,35.00g,19.00g
812,달콤한 인절미 아이스,1회 (150ml)당,286kcal,10.00g,45.00g,4.00g
813,주먹왕 매콤불고기&전주비빔밥,1회 (240g)당,416kcal,8.00g,74.00g,12.00g
814,레인보우 샌드위치,1개 (180g)당,316kcal,12.00g,40.00g,12.00g
815,쑥떡쑥떡바,1인분 (75ml)당,130kcal,4.80g,20.00g,2.00g
816,치즈김치볶음주먹밥,1회 (145g)당,255kcal,7.00g,43.00g,5.00g
817,허니츄러스맛팝콘,1봉지 (70g)당,370kcal,22.00g,43.00g,3.60g
818,스파이시치킨&에그 샌드위치,1팩 (150g)당,325kcal,15.00g,37.00g,11.00g
819,젤리인젤리,1봉지 (50g)당,180kcal,0.00g,42.00g,3.00g
820,청송사과주스,1병 (270ml)당,131kcal,0.00g,32.00g,0.00g
821,햄참치 김볶ball주먹밥,1개 (170g)당,320kcal,8.00g,55.00g,7.00g
822,크림치즈호두단팥빵,1인분 (130g)당,420kcal,13.00g,65.00g,9.00g
823,허니에그 모닝토스트,1회 (170g)당,524kcal,32.00g,44.00g,15.00g
824,콘초코클래식,1회 (30g)당,160kcal,8.00g,20.00g,2.00g
825,기력충전 도시락,1개 (405g)당,691kcal,19.00g,104.00g,26.00g
826,빅소보로크림슈,100g당,376kcal,24.00g,33.00g,7.00g
827,아메리칸 치즈 버거,1인분 (130g)당,374kcal,22.00g,33.00g,11.00g
828,스누피캐릭터구미,1인분 (60g)당,216kcal,0.00g,50.00g,4.00g
829,멘치까스버거,1인분 (186g)당,527kcal,31.00g,43.00g,19.00g
830,아베크까망베르치즈쿠키,100g당,375kcal,21.00g,43.00g,4.00g
831,강릉초당 순두부 아이스크림,1개 (185ml)당,178kcal,8.00g,22.00g,5.00g
832,초코파이 오리지널,100g당,496kcal,32.00g,47.00g,5.00g
833,그릭슈바인 순살학센 슬라이스,100g당,192kcal,8.00g,5.00g,25.00g
834,2000 우동,1인분 (207g)당,345kcal,3.20g,69.00g,10.00g
835,장조림버터간장,100g당,168kcal,1.30g,33.00g,6.00g
836,띵작,1회 (50g)당,158kcal,10.00g,15.00g,2.00g
837,백종원 돈까스 롱 김밥,1줄 (310g)당,592kcal,28.00g,73.00g,12.00g
838,갈릭퐁듀 큐브스테이크 도시락,1 인분 (340g)당,558kcal,14.00g,89.00g,19.00g
839,라떼는 말이야,1인분 (60g)당,340kcal,20.00g,35.00g,4.00g
840,베스트4단샌드위치,1인분 (167g)당,402kcal,22.00g,40.00g,11.00g
841,중화식짜장볶음밥,1인분 (320g)당,430kcal,4.70g,88.00g,9.00g
842,눈꽃치즈닭갈비,1인분 (496g)당,887kcal,39.00g,83.00g,51.00g
843,매콤제육쌈김밥,1인분 (205g)당,300kcal,8.00g,48.00g,9.00g
844,팔도진미 춘천식 닭갈비 도시락,1인분 (385g)당,633kcal,17.00g,90.00g,30.00g
845,의성마늘떡갈비정식,1인분 (405g)당,686kcal,22.00g,94.00g,28.00g
846,꾸덕치즈 너비아니,1인분 (161g)당,457kcal,21.00g,46.00g,21.00g
847,참치마요 데리덮밥,1인분 (356g)당,706kcal,30.00g,88.00g,21.00g
848,계란국물떡볶이,1인분 (250g)당,538kcal,4.70g,109.00g,15.00g
849,국민집밥 소불고기 정식,1회 (390g)당,655kcal,19.00g,95.00g,26.00g
850,브라운 슈가 라떼,1 인분 (250ml)당,200kcal,6.00g,30.00g,6.00g
851,대만식 초코크림 샌드위치,1인분 (125g)당,377kcal,17.00g,46.00g,10.00g
852,큐브베이컨 참치마요,1인분 (105g)당,205kcal,5.00g,34.00g,6.00g
853,후레쉬 콘 샐러드,1개 (200g)당,265kcal,14.00g,32.00g,3.00g
854,망고,1병 (270ml)당,156kcal,0.00g,39.00g,0.00g
855,씨유우유 저지방,100ml당,38kcal,0.80g,5.00g,3.00g
856,벚꽃돈가스버거,1인분 (160g)당,447kcal,19.00g,60.00g,9.00g
857,딸기우유콘,1회 (150ml)당,240kcal,8.00g,38.00g,4.00g
858,봄나물비빔밥 삼각김밥,1인분 (110g)당,163kcal,2.10g,32.00g,4.00g
859,소시지&에그 샌드위치,1팩 (160g)당,406kcal,22.00g,43.00g,9.00g
860,계란말이밥바,1회 (195g)당,300kcal,12.00g,37.00g,11.00g
861,자이언트 마늘떡볶이,1개 (300g)당,670kcal,2.40g,150.00g,13.00g
862,매콤순살치킨버거,1회 (160g)당,411kcal,23.00g,36.00g,15.00g
863,추억의 그시절 경양식,1회 (350g)당,626kcal,18.00g,94.00g,22.00g
864,제주 흑돼지 불고기 삼각김밥,1개 (105g)당,215kcal,4.30g,38.00g,6.00g
865,쫀득고구마찰빵,1인분 (25g)당,80kcal,2.00g,15.00g,1.00g
866,코코넛밀크,1컵 (270ml)당,324kcal,24.00g,26.00g,1.00g
867,cu우유,100ml당,65kcal,4.00g,4.50g,3.00g
868,우무,100g당,3kcal,0.00g,0.80g,0.10g
869,대왕 모카빵,1개 (290g)당,786kcal,26.00g,121.00g,17.00g
870,아인슈페너 티라미수,1인분 (85g)당,231kcal,11.00g,29.00g,4.00g
871,모짜렐라 콘치즈 버거,1인분 (195g)당,442kcal,22.00g,45.00g,16.00g
872,꼬꼬덮밥 마라,1인분 (283g)당,430kcal,11.00g,69.00g,14.00g
873,바나나커피,1컵 (300ml)당,212kcal,6.00g,34.00g,5.50g
874,숯불고기 매콤고기 반반김밥,1줄 (200g)당,297kcal,5.00g,54.00g,9.00g
875,치즈번 불고기버거,1인분 (155g)당,450kcal,26.00g,41.00g,13.00g
876,보성녹돈 등심돈까스버거,1인분 (200g)당,451kcal,19.00g,52.00g,18.00g
877,한컵순대곱창,100g당,169kcal,3.40g,30.00g,4.00g
878,참치왕고추참치밥바,1인분 (180g)당,268kcal,4.00g,51.00g,7.00g
879,핫치닭,1인분 (289g)당,692kcal,28.00g,67.00g,43.00g
880,유자꿀물,1병 (180ml)당,125kcal,0.00g,31.00g,0.00g
881,백종원의 매콤불고기,1회 (225g)당,361kcal,9.00g,57.00g,13.00g
882,트러플머쉬룸버거,1회 (139g)당,337kcal,17.00g,33.00g,13.00g
883,곡물치킨샐러드,100g당,185kcal,8.00g,22.00g,6.00g
884,자이언트 피자콤보,1인분 (205g)당,540kcal,19.00g,64.00g,27.00g
885,김치즈참치즈,한줄 (210g)당,344kcal,8.00g,52.00g,16.00g
886,쫀득롤케익 레드벨벳,1개 (130g)당,425kcal,22.00g,50.00g,8.00g
887,깍두기볶음밥 삼각김밥,1인분 (150g)당,249kcal,3.70g,48.00g,6.00g
888,빅모나카,1회 (210ml)당,222kcal,8.00g,34.00g,3.00g
889,오늘의 도시락 돈까스&소시지,1인분 (395g)당,837kcal,37.00g,106.00g,20.00g
890,비타 레드자몽,100g당,48kcal,0.00g,12.00g,0.00g
891,햄치즈에그샌드,100g당,247kcal,11.00g,29.00g,8.00g
892,어묵무말랭이김밥,1인분 (230g)당,350kcal,4.20g,69.00g,9.00g
893,햄에그머핀브런치세트,1회 (235g)당,451kcal,15.00g,67.00g,12.00g
894,달콤간장치킨덮밥,1인분 (300g)당,525kcal,8.00g,83.00g,30.00g
895,숯불맛불고기김밥,1줄 (190g)당,302kcal,4.20g,58.00g,8.00g
896,스팸김치덮밥,1컵 (270g)당,453kcal,13.00g,72.00g,12.00g
897,매콤제육 야채덮밥,1인분 (390g)당,648kcal,20.00g,95.00g,22.00g
898,콥 볼샐러드,1컵 (175g)당,200kcal,14.00g,10.00g,9.00g
899,우삼겹 삼각김밥,100g당,190kcal,6.00g,28.00g,6.00g
900,깻잎제육볶음 삼각김밥,1개 (105g)당,186kcal,3.80g,33.00g,5.00g
901,심플케이크,1인분 (140g)당,455kcal,23.00g,57.00g,6.00g
902,떠블떡갈비버거,1인분 (208g)당,487kcal,23.00g,48.00g,22.00g
903,통모짜렐라 닭갈비버거,1회 (145g)당,374kcal,14.00g,38.00g,24.00g
904,매콤큐브스테이크덮밥,1회 (300g)당,410kcal,5.00g,79.00g,12.00g
905,초코크림가득 빅슈,1회 (130g)당,435kcal,27.00g,39.00g,9.00g
906,밀크 크런치 초콜릿,7개 (28g)당,151kcal,8.00g,16.00g,2.00g
907,전주비빔 밥샌드,1회 (170g)당,306kcal,10.00g,43.00g,11.00g
908,뉴불고기버거,1개 (110g)당,279kcal,11.00g,36.00g,9.00g
909,돈까스엔 커리,1인분 (365g)당,595kcal,27.00g,61.00g,27.00g
910,1등급계란으로 만든 구운란,1인분 (35g)당,45kcal,2.40g,1.00g,5.00g
911,진한치즈에그샌드위치,1인분 (200g)당,489kcal,29.00g,38.00g,19.00g
912,명란마요&와사비크랩,1인분 (228g)당,442kcal,10.00g,79.00g,9.00g
913,로스트비프 발사믹볼,1인분 (150g)당,171kcal,7.00g,16.00g,11.00g
914,김자반철판볶음밥,1인분 (273g)당,506kcal,14.00g,87.00g,8.00g
915,참치 포테이토 샌드위치,1인분 (205g)당,335kcal,15.00g,37.00g,13.00g
916,리챔 샌드위치,1인분 (186g)당,449kcal,17.00g,60.00g,14.00g
917,스팸콘샐러드 삼각김밥,100g당,169kcal,4.60g,28.00g,4.00g
918,헛개꿀물,1회 (180ml)당,103kcal,0.00g,25.00g,0.70g
919,미니식빵 초코,1인분 (85g)당,251kcal,6.00g,43.00g,6.00g
920,벌교꼬막 삼각김밥,1인분 (95g)당,163kcal,1.70g,33.00g,4.00g
921,허니버터맛 케틀칩,1봉 (66g)당,305kcal,12.00g,45.00g,5.00g
922,참치마요네즈골드삼각김밥,1회 (110g)당,196kcal,4.30g,35.00g,5.00g
923,뱀파이어버거,1인분 (150g)당,418kcal,18.00g,46.00g,18.00g
924,훈제오리 제육볶음,1인분 (385g)당,763kcal,23.00g,100.00g,39.00g
925,더진한딸기바나나,1인분 (210ml)당,115kcal,0.00g,28.00g,1.00g
926,훈제삼겹살 삼각김밥,100g당,173kcal,3.70g,31.00g,4.00g
927,딸기젤라또바,1개 (80ml)당,112kcal,0.30g,27.00g,0.10g
928,한판도시락,1인분 (440g)당,855kcal,35.00g,106.00g,29.00g
929,통고기산적 전주비빔밥,1개 (105g)당,183kcal,3.90g,32.00g,5.00g
930,찐빵도 요리다(갈비),100g당,238kcal,6.00g,37.00g,9.00g
931,고기듬뿍 제주돈불고기,1인분 (355g)당,508kcal,8.00g,79.00g,30.00g
932,불고기전주비빔Ball주먹밥,1회 (159g)당,279kcal,7.00g,46.00g,8.00g
933,에그 vs 치킨 샌드위치,1인분 (120g)당,297kcal,13.00g,32.00g,13.00g
934,노마요야채김밥,1인분 (232g)당,311kcal,4.80g,57.00g,10.00g
935,미니프레첼&아몬드 체다치즈맛,1봉지 (50g)당,250kcal,11.00g,28.00g,9.00g
936,크랜베리 튜나 샌드위치,2조각 (160g)당,346kcal,12.00g,47.00g,13.00g
937,스파이시 크림치킨 샌드위치,1인분 (140g)당,340kcal,16.00g,38.00g,11.00g
938,띵작 모찌모찌롤 티라미수,1인분 (150g)당,490kcal,29.00g,50.00g,8.00g
939,쇼콜라 오믈렛,1회 (150g)당,480kcal,26.00g,55.00g,6.00g
940,바다에서왔닥,100g당,85kcal,0.00g,9.60g,12.00g
941,마라훠궈탕면 큰컵,1인분 (112g)당,500kcal,24.00g,65.00g,6.00g
942,사천식 불오리 도시락,1개 (435g)당,780kcal,24.00g,110.00g,31.00g
943,자이언트 매콤까르보떡볶이,1회 (330g)당,700kcal,11.00g,138.00g,14.00g
944,스파이시클럽 샌드위치,1인분 (130g)당,298kcal,14.00g,32.00g,11.00g
945,매콤튀김말이,100g당,211kcal,3.90g,41.00g,3.00g
946,매콤치킨햄샌드위치,1회 (160g)당,397kcal,21.00g,41.00g,11.00g
947,김치목살전골,1회 (395g)당,557kcal,13.00g,94.00g,16.00g
948,불판볶음밥,1회 (400g)당,771kcal,31.00g,101.00g,22.00g
949,볶음김치참치김밥,1인분 (210g)당,305kcal,5.00g,55.00g,10.00g
950,바스크치즈타르트,1인분 (70g)당,285kcal,16.00g,21.00g,15.00g
951,닭가슴살마요 삼각김밥,100g당,171kcal,3.00g,32.00g,4.00g
952,빨간순대,1컵 (320g)당,518kcal,6.00g,102.00g,13.00g
953,스파이시클럽샌드위치,1회 (145g)당,307kcal,15.00g,34.00g,9.00g
954,마늘라볶이,1회 (65g)당,255kcal,7.00g,43.00g,5.00g
955,빅 불고기 버거 플러스,1봉 (170g)당,402kcal,10.00g,64.00g,14.00g
956,어른우유 말차,1병 (250ml)당,195kcal,6.00g,29.00g,6.00g
957,햄참치김볶ball주먹밥,1회 (170g)당,320kcal,8.00g,55.00g,7.00g
958,달콤 통돈까스 삼각김밥,100g당,194kcal,6.00g,30.00g,5.00g
959,오리&불고기 정식,1인분 (380g)당,747kcal,23.00g,96.00g,39.00g
960,매콤멸추김밥,1인분 (210g)당,373kcal,5.00g,68.00g,14.00g
961,통통햄김밥,1인분 (224g)당,406kcal,14.00g,55.00g,15.00g
962,까스왕,1인분 (563g)당,1255kcal,55.00g,152.00g,38.00g
963,3시오븐 트러플 피자,1조각 (185g)당,460kcal,12.00g,63.00g,24.00g
964,빅불고기버거플러스,1봉 (160g)당,345kcal,15.00g,39.00g,13.00g
965,대게그라탕,1컵 (225g)당,470kcal,37.00g,23.00g,11.00g
966,스위트콘 핫도그,1개 (130g)당,350kcal,15.00g,45.00g,9.00g
967,매콤불껍데기,1회 (150g)당,380kcal,16.00g,29.00g,31.00g
968,돼지불고기 삼각김밥,1개 (105g)당,212kcal,3.10g,39.00g,7.00g
969,뉴햄에그 샌드위치,1인분 (150g)당,340kcal,16.00g,38.00g,20.00g
970,라퀴진 블랙씨푸드프랑크,1인분 (70g)당,220kcal,19.00g,3.00g,11.00g
971,꼬꼬덮밥 간장,1인분 (239g)당,415kcal,11.00g,64.00g,15.00g
972,볼로네제 치즈핫도그,1인분 (130g)당,345kcal,17.00g,36.00g,12.00g
973,파르페 리얼 초코,100ml당,98kcal,3.30g,15.00g,2.00g
974,플로리다 자몽 주스,1병 (270ml)당,150kcal,0.80g,33.00g,2.00g
975,XXL 스트링치즈,1회 (40g)당,120kcal,7.00g,4.00g,10.00g
976,에어칩스 어니언,1봉지 (63g)당,280kcal,10.00g,43.00g,4.00g
977,치킨 토마토 디럭스 샌드위치,2개 (180g)당,432kcal,24.00g,42.00g,12.00g
978,점보케이준치킨샌드위치,1회 (160g)당,293kcal,11.00g,37.00g,11.00g
979,정성담은참치마요김밥,1회 (335g)당,489kcal,12.00g,77.00g,18.00g
980,모구모구 깔라만시,100ml당,70kcal,0.00g,17.00g,0.00g
981,치킨케밥덮밥,1회 (310g)당,455kcal,9.00g,73.00g,20.00g
982,계란떡볶이비빔밥볼,1회 (200g)당,298kcal,2.90g,58.00g,10.00g
983,달닭 삼각김밥,1개 (105g)당,170kcal,1.50g,34.00g,5.00g
984,제주흑돼지불고기 삼각김밥,1회 (105g)당,215kcal,4.30g,38.00g,6.00g
985,오늘의 도시락 간장불고기,1회 (395g)당,730kcal,22.00g,98.00g,35.00g
986,통통새우 핫도그,1인분 (125g)당,341kcal,17.00g,39.00g,8.00g
987,초코파이 아이스샌드,1개 (160ml)당,290kcal,16.00g,33.00g,4.00g
988,고구마 티라미수,1개 (170g)당,440kcal,18.00g,63.00g,6.00g
989,쫀득한 인절미씨,1컵 (160g)당,456kcal,24.00g,54.00g,6.00g
990,파르페 인절미,1컵 (305ml)당,373kcal,17.00g,51.00g,4.00g
991,더블치즈 모닝토스트,100g당,285kcal,10.00g,36.00g,12.00g
992,통햄구이김치삼각김밥,1개 (101g)당,180kcal,4.80g,30.00g,4.00g
993,시원한바지락칼국수,1인분 (171g)당,280kcal,1.40g,58.00g,9.00g
994,쭈쭈바,1개 (130ml)당,83kcal,0.50g,20.90g,0.00g
995,옛날미숫가루,100ml당,200kcal,3.00g,39.00g,4.00g
996,노마요직화불고기,1인분 (231g)당,350kcal,6.00g,62.00g,12.00g
997,소불고기 챌린지,1인분 (368g)당,663kcal,19.00g,98.00g,25.00g
998,브라우니빙수,1인분 (280ml)당,250kcal,5.00g,47.00g,4.00g
999,흑심가득 흑임자씨,1인분 (95g)당,281kcal,13.00g,38.00g,3.00g
1000,맥앤치즈토스트,1인분 (150g)당,367kcal,15.00g,44.00g,14.00g
1001,달콤 통 돈까스,100g당,194kcal,6.00g,30.00g,5.00g
1002,매콤참치김밥,1회 (200g)당,273kcal,3.40g,50.00g,11.00g
1003,통고기산적 삼각김밥,1개 (105g)당,209kcal,4.50g,36.00g,6.00g
1004,치즈감튀 샌드위치,1회 (150g)당,411kcal,23.00g,42.00g,9.00g
1005,녹차 크림 샌드위치,1개 (145g)당,496kcal,20.00g,72.00g,7.00g
1006,고기듬뿍 김치제육김밥,1개 (205g)당,320kcal,8.00g,50.00g,12.00g
1007,통째로 갈아 넣은 자몽한개,1개 (130ml)당,47kcal,0.00g,10.00g,1.00g
1008,통팥앙파이,1봉 (45g)당,170kcal,6.00g,26.00g,3.00g
1009,달고나 롤,1인분 (95g)당,335kcal,7.00g,62.00g,6.00g
1010,불곱창짜글이,1인분 (320g)당,370kcal,10.00g,55.00g,15.00g
1011,떠먹는리챔김치밥버거,1인분 (193g)당,313kcal,5.00g,56.00g,11.00g
1012,에어칩스 치즈,1회 (63g)당,285kcal,11.00g,42.00g,4.10g
1013,백종원 맛있닭가슴살 정식,1인분 (482g)당,798kcal,22.00g,121.00g,29.00g
1014,아이스께끼,1회 (85ml)당,60kcal,0.00g,15.00g,0.00g
1015,통영굴매생이라면,1컵 (97g)당,420kcal,14.00g,66.00g,8.00g
1016,참치마요햄말이,1개 (140g)당,274kcal,10.00g,38.50g,7.60g
1017,구어메이 계란과자,20개 (30g)당,150kcal,6.00g,22.00g,2.00g
1018,불고기마요 햄말이,1인분 (140g)당,271kcal,8.50g,39.00g,9.70g
1019,팥쥐모쥐? 샌드위치,1인분 (195g)당,507kcal,7.00g,104.00g,7.00g
1020,푸짐한 바싹불고기,1인분 (365g)당,681kcal,17.00g,101.00g,31.00g
1021,흑미소불고기김밥,1인분 (212g)당,314kcal,3.86g,56.00g,14.00g
1022,대왕유부 너비아니,1인분 (124g)당,231kcal,7.00g,35.00g,7.00g
1023,체다치즈햄불고기버거,1회 (137g)당,324kcal,12.00g,44.00g,10.00g
1024,1500모닝롤,1회 (150g)당,495kcal,9.00g,92.00g,11.00g
1025,호밀3단 샌드위치,1인분 (118g)당,285kcal,11.00g,37.00g,9.00g
1026,오리지널떡볶이,1인분 (320g)당,730kcal,4.70g,158.00g,14.00g
1027,옛날통닭모양 젤리,1인분 (80g)당,240kcal,0.00g,60.00g,5.60g
1028,백앙금베터보스톤,1인분 (60g)당,250kcal,13.00g,29.00g,4.00g
1029,매콤달달 김치제육,1인분 (105g)당,169kcal,2.30g,32.00g,5.00g
1030,찰떡쑥떡샌드,1인분 (161g)당,408kcal,8.00g,76.00g,8.00g
1031,채식주의 샐러드볼,1인분 (280g)당,422kcal,18.00g,39.00g,26.00g
1032,왓더맵 떡볶이,1인분 (320g)당,709kcal,4.60g,157.00g,10.00g
1033,햄 토마토 디럭스 샌드위치,1인분 (180g)당,435kcal,23.00g,46.00g,11.00g
1034,머스타드 치킨 샌드위치,1개 (165g)당,567kcal,23.00g,80.00g,10.00g
1035,허니&숯불치킨이닭,1인분 (450g)당,838kcal,30.00g,114.00g,28.00g
1036,그린티 크림모찌,1개 (80g)당,205kcal,15.00g,45.00g,3.00g
1037,베스트 꼬마 김밥,1개 (290g)당,522kcal,18.00g,78.00g,12.00g
1038,쫀득한 듀얼쿠키,1회 (45g)당,179kcal,7.00g,27.00g,2.00g
1039,순삭토스트 데리야끼 비프,1회 (181g)당,370kcal,10.00g,55.00g,15.00g
1040,이건가요? 군대버거,1인분 (145g)당,395kcal,15.00g,55.00g,10.00g
1041,매콤맛있닭가슴살 도시락,1회 (460g)당,720kcal,20.00g,98.00g,37.00g
1042,불고기듬뿍버거,1인분 (200g)당,487kcal,23.00g,47.00g,23.00g
1043,홍천곤드레불고기 삼각김밥,1인분 (105g)당,180kcal,3.50g,32.00g,5.00g
1044,원형 스테이크주먹밥,1개 (130g)당,247kcal,8.00g,36.00g,8.00g
1045,체다치즈콘볼,1봉지 (50g)당,255kcal,13.00g,31.00g,4.00g
1046,아몬드 치킨 샐러드 샌드위치,1팩 (130g)당,290kcal,12.00g,36.00g,9.00g
1047,임실치즈라면,1컵 (115ml)당,515kcal,19.00g,76.00g,10.00g
1048,갈릭떡갈비버거,1회 (175g)당,528kcal,32.00g,42.00g,18.00g
1049,김두부스낵,1회 (80g)당,380kcal,16.00g,52.00g,7.00g
1050,불닭그라탕,1회 (225g)당,360kcal,12.00g,46.00g,17.00g
1051,커리 크랩 샌드위치,1회 (155g)당,347kcal,15.00g,43.00g,10.00g
1052,꿀배에이드,1회 (230ml)당,115kcal,0.00g,28.00g,1.00g
1053,트리플쨈드위치,1인분 (130g)당,348kcal,12.00g,53.00g,8.00g
1054,고기고기 유부삼각,1 인분 (228g)당,419kcal,11.00g,65.00g,15.00g
1055,동원참치 샌드위치,1회 (165g)당,396kcal,20.00g,42.00g,12.00g
1056,코코아아몬드,1회 (20g)당,120kcal,9.00g,6.00g,4.00g
1057,Big 드링킹 요구르트 애플망고,100ml당,74kcal,2.00g,12.00g,2.00g
1058,돼지불백 김밥,1줄 (200g)당,312kcal,4.40g,58.00g,10.00g
1059,크랩참치,1줄 (200g)당,345kcal,13.00g,47.00g,10.00g
1060,공 닭갈비 삼각김밥,1인분 (110g)당,181kcal,2.80g,32.00g,7.00g
1061,고기듬뿍김치제육김밥,1회 (205g)당,320kcal,8.00g,50.00g,12.00g
1062,남도 떡갈비 빅밥바,1인분 (180g)당,377kcal,13.00g,52.00g,13.00g
1063,치킨 머쉬룸 클럽 샌드위치,1인분  (165g)당,347kcal,15.00g,40.00g,13.00g
1064,땡초크랩마요김밥,1인분 (225g)당,318kcal,6.00g,58.00g,8.00g
1065,수박롤케,100g당,345kcal,19.00g,39.00g,5.00g
1066,2000고기김밥,1인분 (215g)당,318kcal,6.00g,54.00g,12.00g
1067,맥시멈 3단 버거,1인분 (207g)당,578kcal,30.00g,57.00g,20.00g
1068,베스트빅불고기버거,1인분 (255g)당,544kcal,24.00g,60.00g,22.00g
1069,리얼BIG직화스파이시치킨,1인분 (220g)당,315kcal,9.00g,11.00g,47.00g
1070,햄치즈 브리또,1개 (120g)당,350kcal,16.00g,37.00g,13.00g
1071,입안에서사르르팝콘,1/2컵 (38g)당,189kcal,9.00g,27.00g,1.90g
1072,후레쉬 콘 샐러드,100g당,135kcal,7.00g,16.00g,2.00g
1073,파르페 망고,1컵 (305ml)당,282kcal,10.00g,46.00g,2.00g
1074,햄에그모닝머핀,1개 (120g)당,270kcal,12.00g,28.00g,11.00g
1075,미니초코롤케익,1인분 (85g)당,280kcal,10.00g,42.00g,5.00g
1076,초코바나나콘,1회 (65g)당,370kcal,24.00g,36.00g,3.00g
1077,매콤불고기 버거,1회 (130g)당,287kcal,7.00g,40.00g,16.00g
1078,모찌모찌롤 티라미수,1개 (150g)당,490kcal,29.00g,50.00g,8.00g
1079,오늘의 도시락 미트볼&치킨까스,1인분 (420g)당,822kcal,30.00g,108.00g,30.00g
1080,매콤불고기버거,1회 (130g)당,287kcal,7.00g,40.00g,16.00g
1081,베리초코바,1인분 (90ml)당,215kcal,13.00g,21.00g,3.00g
1082,통통 마일드 치킨버거,1개 (150g)당,416kcal,20.00g,42.00g,17.00g
1083,베이컨 핫도그,1인분 (160g)당,508kcal,32.00g,43.00g,12.00g
1084,치즈쭉쭉나쵸피자,100g당,547kcal,27.00g,59.00g,17.00g
1085,허브갈릭 훈제오리,100g당,345kcal,28.00g,7.00g,16.00g
1086,노마요참치김밥,1인분 (240g)당,321kcal,3.70g,59.00g,13.00g
1087,규리또리또,1인분 (415g)당,684kcal,20.00g,99.00g,27.00g
1088,쫀득롤케익 복숭아,1인분 (145g)당,480kcal,26.00g,56.00g,6.00g
1089,플랫브레드풀드포크,1인분 (301g)당,455kcal,11.00g,67.00g,22.00g
1090,여친이 싸준 도시락,1회 (395g)당,787kcal,35.00g,92.00g,26.00g
1091,스윗칠리돈가스,1회 (420g)당,905kcal,33.00g,127.00g,25.00g
1092,생크림가득단팥빵,1개 (115g)당,324kcal,8.00g,56.00g,7.00g
1093,매콤한 명란마요 삼각김밥,100g당,201kcal,3.20g,35.00g,8.00g
1094,동해홍게딱지장,1회 (105g)당,179kcal,3.00g,34.00g,4.00g
1095,야채참치&고추참치롱반반김밥,1인분 (275g)당,410kcal,6.00g,77.00g,12.00g
1096,떡갈비전주비빔밥 삼각김밥,100g당,235kcal,7.00g,38.00g,5.00g
1097,햄&콘치즈샌드,1인분 (92g)당,218kcal,10.00g,25.00g,7.00g
1098,로스트비프&아보카도,1인분 (151g)당,281kcal,10.00g,35.00g,13.00g
1099,점보4단샌드,1인분 (212g)당,383kcal,11.00g,56.00g,15.00g
1100,오븐에 구운 호두파이,1인분 (40g)당,204kcal,12.00g,21.00g,3.00g
1101,치킨 마크니커리,1인분 (357g)당,554kcal,14.00g,85.00g,22.00g
1102,식감두배 불고기전주,1인분 (155g)당,250kcal,6.00g,41.00g,8.00g
1103,매콤단짠 고추장불고기,1개 (110g)당,197kcal,2.30g,38.00g,6.00g
1104,하프 & 하프 샌드위치,1인분 (156g)당,293kcal,13.00g,34.00g,10.00g
1105,치즈갈비찜김밥,1인분 (248g)당,393kcal,9.00g,56.00g,22.00g
1106,바질페스토&두부크럼블 샌드,1 인분 (163g)당,317kcal,13.00g,35.00g,15.00g
1107,경규옹의 돼지국밥,1인분 (257g)당,408kcal,3.10g,81.00g,14.00g
1108,통살오징어버거,1회 (130g)당,310kcal,14.00g,37.00g,7.00g
1109,치킨커리 삼각김밥,100g당,167kcal,1.40g,34.00g,5.00g
1110,씨유저지방우유,100ml당,38kcal,0.80g,5.00g,3.00g
1111,맵닭&달닭 반반김밥,1회 (220g)당,305kcal,5.00g,54.00g,11.00g
1112,크랜베리 야채 샌드위치,1봉지 (115g)당,265kcal,11.00g,34.00g,7.00g
1113,비빔햄참치주먹밥,1개 (170g)당,326kcal,10.00g,51.00g,8.00g
1114,바나나밀크,1병 (270ml)당,195kcal,5.00g,30.00g,7.00g
1115,골든치킨텐더볼,1팩 (176g)당,264kcal,20.00g,9.00g,12.00g
1116,NEW 상하이스파이시치킨버거,1인분 (175g)당,481kcal,21.00g,59.00g,14.00g
1117,고흥유자 꼬꼬샐러드롤,1인분 (242g)당,475kcal,15.00g,67.00g,18.00g
1118,자이언트 매콤치킨피자,1회 (190g)당,492kcal,16.00g,64.00g,23.00g
1119,만능볶음고추장삼각김밥,100g당,193kcal,4.50g,34.00g,4.00g
1120,뉴불고기플러스버거,1개 (125g)당,308kcal,12.00g,39.00g,11.00g
1121,양념/간장 치킨반반김밥,1줄 (215g)당,366kcal,10.00g,59.00g,10.00g
1122,블랙크림치즈쿠키슈,1회 (75g)당,236kcal,12.00g,27.00g,5.00g
1123,달달한 돈까스 짜장 삼각김밥,100g당,195kcal,4.80g,31.00g,7.00g
1124,듬뿍햄참치마요,1회 (110g)당,220kcal,8.00g,33.00g,4.00g
1125,스파이시참치&에그 샌드위치,1개 (145g)당,381kcal,21.00g,35.00g,13.00g
1126,강황렌틸컵밥 고기산적,1인분 (165g)당,319kcal,11.00g,43.00g,12.00g
1127,크래미아유부롤,1개 (155g)당,275kcal,7.00g,45.00g,8.00g
1128,초코파이 아이스샌드 그린티,1회 (160ml)당,325kcal,19.00g,34.00g,4.00g
1129,요거요거 단백해 샐러드,1인분 (214g)당,275kcal,8.00g,41.00g,11.00g
1130,구운 갈비&매운갈비 왕교자,1개 (192g)당,461kcal,20.00g,52.00g,20.00g
1131,치즈고구마샌드,1인분 (165g)당,423kcal,15.00g,59.00g,13.00g
1132,콩닭콩닥 샐러드,1인분 (170g)당,200kcal,6.70g,22.39g,12.39g
1133,통통햄계란말이김밥,1인분 (250g)당,424kcal,12.00g,63.00g,16.00g
1134,유산슬 비빔면,1회 (250g)당,355kcal,3.40g,69.00g,12.00g
1135,체다치즈 햄불고기버거,1인분 (137g)당,324kcal,12.00g,44.00g,10.00g
1136,불고기 왕가득,100g당,155kcal,2.10g,30.00g,4.00g
1137,통떡갈비전주비빔,100g당,176kcal,4.00g,30.00g,5.00g
1138,햄&콘 치즈샌드,1인분 (92g)당,218kcal,10.00g,25.00g,7.00g
1139,야채빵빵버거,1인분 (150g)당,238kcal,6.00g,32.00g,14.00g
1140,봄봄햄에그 샌드위치,1인분 (159g)당,433kcal,25.00g,38.00g,14.00g
1141,오색비빔 리조또,1인분 (340g)당,588kcal,20.00g,82.00g,20.00g
1142,쫀득롤케익 카페오레,1인분 (130g)당,434kcal,23.00g,49.00g,7.00g
1143,미트칠리점보핫도그,1인분 (152g)당,425kcal,25.00g,29.00g,21.00g
1144,백종원의 한줄김밥,1줄 (230g)당,373kcal,9.00g,63.00g,10.00g
1145,오트크랜베리쿠키,1봉 (35g)당,170kcal,7.00g,25.00g,2.00g
1146,유부밥바,1인분 (160g)당,272kcal,7.00g,44.00g,8.00g
1147,치즈만수르돈까스,1회 (405g)당,785kcal,25.00g,103.00g,37.00g
1148,카레 가츠버거,1인분 (166g)당,514kcal,26.00g,60.00g,10.00g
1149,하와이안 로코모코 버거,100g당,301kcal,9.00g,41.00g,14.00g
1150,매콤갈릭 면볶이,1인분 (243g)당,350kcal,0.80g,80.00g,6.00g
1151,명란크랩마요,1인분 (160g)당,291kcal,7.00g,51.00g,6.00g
1152,명란에그샌드위치,1회 (110g)당,231kcal,11.00g,26.00g,7.00g
1153,깔라x자몽톡시,1컵 (270ml)당,140kcal,0.00g,34.00g,1.00g
1154,함박삼각김밥,1인분 (105g)당,188kcal,3.60g,34.00g,5.00g
1155,매콤간장치킨볶이,1회 (110g)당,450kcal,16.00g,68.00g,9.00g
1156,치즈쉬림프 볼샐러드,1인분 (150g)당,151kcal,7.00g,15.00g,7.00g
1157,비빔참치,100g당,171kcal,3.40g,31.00g,4.00g
1158,통모짜렐라 고구마피자버거,1봉지 (173g)당,398kcal,14.00g,49.00g,19.00g
1159,리얼어니언 햄샐러드,1회 (167g)당,120kcal,4.40g,13.00g,7.00g
1160,파마산맥앤치즈버거,1인분 (160g)당,431kcal,19.00g,49.00g,16.00g
1161,흑임자 인절미 스낵,1인분 (60g)당,315kcal,17.00g,36.00g,4.00g
1162,비프함박,1인분당,931kcal,47.00g,91.00g,36.00g
1163,대만식초코크림 샌드위치,1개 (125g)당,377kcal,17.00g,46.00g,10.00g
1164,쫀득한 마카롱 녹차,1인분 (72g)당,314kcal,14.00g,43.00g,4.00g
1165,믹스커피,100ml당,60kcal,0.90g,13.00g,0.00g
1166,촉촉치즈수플레,1인분 (110g)당,318kcal,14.00g,40.00g,8.00g
1167,초코츄러스 뉴짱,100g당,503kcal,23.00g,68.00g,6.00g
1168,통리챔김볶,1인분 (104g)당,168kcal,2.70g,30.00g,6.00g
1169,에그 코우슬로 샌드위치,1인분 (110g)당,226kcal,10.00g,29.00g,5.00g
1170,오후의 티라미수 녹차,1개 (140g)당,365kcal,18.00g,45.00g,5.00g
1171,후라이드에그 샌드위치,1팩 (140g)당,290kcal,12.00g,36.00g,10.00g
1172,불타는 치킨돈까스 삼각김밥,1개 (110g)당,236kcal,8.00g,35.00g,6.00g
1173,Big 드링킹 요구르트 베리믹스,100ml당,74kcal,2.00g,12.00g,2.00g
1174,씨유우유 저지방+칼슘,1컵 (200ml)당,80kcal,2.00g,10.00g,6.00g
1175,골든브리또,1개 (130g)당,375kcal,18.00g,40.00g,14.00g
1176,토핑2배 닭갈비,1인분 (110g)당,176kcal,2.20g,34.00g,5.00g
1177,매콤치즈콘닭,1인분 (360g)당,633kcal,29.00g,34.00g,59.00g
1178,치킨로메인 샌드위치,1인분 (144g)당,278kcal,9.00g,33.00g,17.00g
1179,흑임자3단 샌드위치,1인분 (135g)당,258kcal,10.00g,35.00g,7.00g
1180,부어먹는 단팥찐빵,1인분 (210g)당,540kcal,5.00g,111.00g,12.00g
1181,치킨클라쓰,1회 (220g)당,536kcal,24.00g,45.00g,35.00g
1182,조세호빵 제주흑돼지,1회 (90g)당,194kcal,4.20g,32.00g,7.00g
1183,통모짜렐라고구마피자버거,1회 (173g)당,398kcal,14.00g,49.00g,19.00g
1184,고구마한입샌드,1팩 (120g)당,475kcal,35.00g,35.00g,5.00g
1185,나를위한비빔밥,1인분 (355g)당,486kcal,10.00g,84.00g,15.00g
1186,더블카라멜 팝콘컵,1인분 (110g)당,540kcal,22.00g,83.00g,2.00g
1187,육즙만수르비프함박,1인분 (425g)당,826kcal,34.00g,94.00g,36.00g
1188,궁극의 도시락 불백편,1인분 (400g)당,653kcal,25.00g,74.00g,33.00g
1189,매콤알싸 청양참치마요,100g당,171kcal,4.80g,27.00g,5.00g
1190,쑥라떼찰떡,1개 (35g)당,109kcal,1.40g,23.00g,1.00g
1191,빽햄김치볶음,1인분 (10g)당,199kcal,7.00g,29.00g,5.00g
1192,눈꽃치즈찜닭 삼각김밥,100g당,173kcal,5.00g,27.00g,5.00g
1193,ㄷㅇ?ㅇㅂㄱ,1회 (190g)당,740kcal,38.00g,92.00g,8.00g
1194,제주흑돼지두루치기김밥,1인분 (195g)당,316kcal,8.00g,48.00g,13.00g
1195,치킨토마토디럭스샌드위치,1팩 (180g)당,432kcal,24.00g,42.00g,12.00g
1196,해물스틱롱밥,1개 (205g)당,387kcal,15.00g,53.00g,10.00g
1197,통 삼각돈까스,100g당,226kcal,6.00g,38.00g,5.00g
1198,고메 미트볼 삼각김밥,1회 (105g)당,201kcal,5.00g,33.00g,6.00g
1199,만능비빔간장김밥,1개 (215g)당,378kcal,10.00g,60.00g,12.00g
1200,만능비빔간장 삼각김밥,100g당,170kcal,2.40g,33.00g,4.00g
1201,NEW 참치마요네즈,1개 (102g)당,186kcal,4.70g,31.00g,5.00g
1202,달콤상콤해 샌드위치,1회 (145g)당,357kcal,17.00g,43.00g,8.00g
1203,통햄참치김볶,1개 (105g)당,204kcal,8.00g,28.00g,5.00g
1204,띵작 모찌모찌롤 그린티,1인분 (75g)당,230kcal,9.00g,33.00g,4.00g
1205,The 부드러운 치즈에그 샌드위치,1회 (115g)당,262kcal,14.00g,24.00g,10.00g
1206,모찌모찌롤 티라미수,1회 (75g)당,245kcal,14.00g,25.00g,4.00g
1207,우쥬베리미 샌드위치,100g당,282kcal,14.00g,35.00g,4.00g
1208,샌드가포도포도해,1인분 (122g)당,235kcal,7.00g,39.00g,4.00g
1209,안동식 찜닭 ball 주먹밥,1회 (155g)당,257kcal,3.70g,49.00g,7.00g
1210,팔도진미 강원도편,1인분 (385g)당,633kcal,17.00g,90.00g,30.00g
1211,오리파워업덮밥,1인분 (380g)당,651kcal,19.00g,102.00g,18.00g
1212,애플크럼쿠키,1인분 (45g)당,193kcal,9.00g,26.00g,2.00g
1213,리브롱버거,1인분 (179g)당,479kcal,19.00g,63.00g,14.00g
1214,잇츠빅불고기버거,1회 (255g)당,680kcal,36.00g,65.00g,24.00g
1215,허니샤워팝콘,1회 (70g)당,360kcal,21.00g,42.00g,4.40g
1216,달콤크림속딸기샌드,100g당,335kcal,19.00g,37.00g,4.00g
1217,핫크리스피 통살치킨버거,1봉지 (150g)당,331kcal,15.00g,35.00g,14.00g
1218,듬뿍 포테이토 샌드위치,1회 (175g)당,508kcal,32.00g,46.00g,9.00g
1219,오리지날 모찌롤 커피,1회 (50g)당,153kcal,9.00g,17.00g,1.00g
1220,수원식왕갈비치킨김밥,1줄 (200g)당,318kcal,6.00g,57.00g,9.00g
1221,양념숯불갈비맛,100g당,183kcal,2.10g,36.00g,5.00g
1222,새해엔 모두 다 돼지,1인분 (420g)당,864kcal,28.00g,114.00g,39.00g
1223,ABC 샌드위치,1개 (175g)당,448kcal,24.00g,43.00g,15.00g
1224,명탐정 샌드위치,1팩 (136g)당,311kcal,15.00g,35.00g,9.00g
1225,매워도포기마라,100g당,614kcal,18.00g,97.00g,16.00g
1226,진한 크림치즈슈,1개 (21g)당,56kcal,3.60g,5.00g,1.00g
1227,흑당밀크티 샌드위치,1회 (135g)당,329kcal,5.00g,63.00g,8.00g
1228,BNW치킨버거,1인분 (165g)당,404kcal,16.00g,51.00g,14.00g
1229,막갈옹,1인분 (74g)당,341kcal,17.00g,43.00g,4.00g
1230,덕분애정식,1인분 (434g)당,743kcal,23.00g,88.00g,46.00g
1231,무도빠 고소당한 치즈,100g당,145kcal,5.00g,13.00g,12.00g
1232,커피앤버터쿠키,1회 (34g)당,311kcal,17.00g,35.00g,5.00g
1233,횡성한우치즈김밥,1회 (205g)당,321kcal,9.00g,49.00g,11.00g
1234,가볍다그린,1병 (190ml)당,99kcal,1.10g,21.00g,1.00g
1235,매콤 불고기 스낵,1봉 (60g)당,310kcal,16.00g,39.00g,2.00g
1236,1분김치찌개맛주먹밥,1인분 (160g)당,282kcal,6.00g,49.00g,8.00g
1237,양념치킨밥바,1개 (160g)당,368kcal,12.00g,52.00g,13.00g
1238,딥치즈갈릭토스트,1갸 (150g)당,414kcal,22.00g,42.00g,12.00g
1239,몽쉘케이크,1인분 (105g)당,374kcal,20.00g,40.00g,4.00g
1240,고구마단팥죽,1인분 (260g)당,255kcal,0.90g,52.00g,10.00g
1241,유부위에 나있새우,1회 (230g)당,463kcal,15.00g,69.00g,13.00g
1242,보통이 아니새우 도시락,1인분 (345g)당,597kcal,21.00g,88.00g,14.00g
1243,파인애플 오믈렛,2조각 (160g)당,410kcal,20.00g,53.00g,5.00g
1244,벌교꼬막김밥,1회 (215g)당,314kcal,3.30g,61.00g,10.00g
1245,눈꽃머랭팝콘,1회 (30g)당,145kcal,6.00g,21.00g,2.00g
1246,The 부드러운 햄 샌드위치,1회 (136g)당,305kcal,13.00g,38.00g,9.00g
1247,구운에그카레마요,1인분 (105g)당,191kcal,7.00g,27.00g,5.00g
1248,맵달버거,1인분 (190g)당,577kcal,33.00g,53.00g,17.00g
1249,소라감태마요김밥,1인분 (265g)당,506kcal,18.00g,76.00g,10.00g
1250,불고기왕가득 김밥,1인분 (210g)당,293kcal,5.00g,53.00g,9.00g
1251,왕갈비롱버거,1회 (170g)당,467kcal,23.00g,49.00g,16.00g
1252,마라로우촨,1개 (70g)당,175kcal,12.00g,7.00g,10.00g
1253,메가돈스바,100g당,268kcal,21.23g,3.66g,15.59g
1254,Delaffe 믹스커피,1개 (230ml)당,120kcal,0.70g,27.00g,1.00g
1255,크랜베리 치킨샌드,1회 (220g)당,422kcal,10.00g,55.00g,28.00g
1256,판타스틱치킨버거,1인분 (192g)당,497kcal,24.00g,49.00g,22.00g
1257,햄에그치즈,1인분 (200g)당,424kcal,20.00g,43.00g,18.00g
1258,백종원의 빽햄 김치볶음,1인분 (102g)당,199kcal,7.00g,29.00g,5.00g
1259,통참치 김밥,1인분 (251g)당,404kcal,12.00g,54.00g,20.00g
1260,빅바베큐치즈버거,1봉지 (160g)당,382kcal,14.00g,49.00g,15.00g
1261,현미칩 바베큐맛,1회 (55g)당,290kcal,15.00g,35.00g,3.00g
1262,햄참치마요&매콤제육김밥,1줄 (220g)당,372kcal,12.00g,50.00g,16.00g
1263,건강한 하루 케일&파인,1회 (190ml)당,80kcal,0.00g,19.00g,1.00g
1264,통햄에그 밥샌드,1개 (180g)당,292kcal,4.00g,55.00g,9.00g
1265,햄구이김치볶음밥,1개 (110g)당,195kcal,7.00g,29.00g,5.00g
1266,망고듬뿍빙수,1컵 (280g)당,259kcal,4.80g,51.00g,3.00g
1267,치킨트리오,1인분 (355g)당,727kcal,19.00g,116.00g,23.00g
1268,콘치즈면,100g당,480kcal,18.00g,70.00g,9.00g
1269,불닭삼김,100g당,175kcal,2.60g,33.00g,5.00g
1270,팔도진미 경상도편,1회 (390g)당,489kcal,9.00g,83.00g,19.00g
1271,참치불닭 삼각김밥,1회 (105g)당,216kcal,8.00g,30.00g,6.00g
1272,단짠어묵계란밥 삼각김밥,100g당,201kcal,5.00g,34.00g,5.00g
1273,햄참치김볶,1인분 (170g)당,320kcal,8.00g,55.00g,7.00g
1274,매콤 야끼소바 라면,1개 (105g)당,430kcal,14.00g,67.00g,9.00g
1275,더건강한 통목살햄샌드,1인분 (185g)당,337kcal,13.00g,38.00g,17.00g
1276,맵달 양념치킨 삼각김밥,1인분 (107g)당,199kcal,3.40g,37.00g,5.00g
1277,양념치킨버거,1인분 (185g)당,481kcal,21.00g,55.00g,18.00g
1278,불똥집짜글이,1인분 (305g)당,295kcal,5.00g,45.00g,17.00g
1279,새콤 치킨 샐러드 샌드위치,1인분 (180g)당,349kcal,17.00g,36.00g,13.00g
1280,프레시호밀버거,1인분 (162g)당,389kcal,17.00g,46.00g,13.00g
1281,앵그리크림쫄면,1인분 (407g)당,768kcal,24.00g,122.00g,16.00g
1282,쫀떡흑임절미 샌드위치,1인분 (140g)당,394kcal,10.00g,67.00g,9.00g
1283,오리덕분이삼,1인분 (102g)당,182kcal,3.30g,10.00g,6.00g
1284,콩닭콩닭세트,1인분 (265g)당,478kcal,18.00g,67.00g,12.00g
1285,리얼감자스틱 스위트허니,1봉지 (54g)당,315kcal,21.00g,28.00g,3.00g
1286,맛있닭가슴살 정식,1인분 (480g)당,841kcal,25.00g,114.00g,40.00g
1287,메추리알짜장 삼각김밥,100g당,146kcal,2.90g,26.00g,4.00g
1288,육간장불고기 삼각김밥,1개 (110g)당,180kcal,3.50g,31.00g,6.00g
1289,마시는 한끼 고구마,1병 (200ml)당,135kcal,5.00g,20.00g,2.00g
1290,딸기콕콕슈,2개 (90g)당,306kcal,22.00g,23.00g,4.00g
1291,매콤참치 콘샌드위치,1인분 (160g)당,393kcal,21.00g,41.00g,10.00g
1292,햄토마토디럭스샌드위치,1팩 (180g)당,435kcal,23.00g,46.00g,11.00g
1293,크런키소보로,1회 (90g)당,205kcal,9.00g,27.00g,3.00g
1294,보성녹차크림샌드,1인분 (170g)당,473kcal,13.00g,81.00g,8.00g
1295,갈비양념치킨미니샐러드,100g당,162kcal,10.00g,11.00g,7.00g
1296,대왕고기산적,1인분 (455g)당,918kcal,42.00g,93.00g,42.00g
1297,한컵순대족발,100g당,206kcal,4.40g,35.00g,7.00g
1298,신난닭볶음마요,1갸 (102g)당,191kcal,3.00g,37.00g,4.00g
1299,대왕유부삼각스팸,1인분 (128g)당,242kcal,6.00g,40.00g,7.00g
1300,대왕스팸덮밥,1인분 (340g)당,593kcal,21.00g,84.00g,17.00g
1301,벌써 벚꽃,1인분 (35g)당,97kcal,1.00g,19.00g,3.00g
1302,데미그라스 함박 파스타,1인분 (350g)당,701kcal,41.00g,62.00g,21.00g
1303,벌써벚꽃,1인분 (35g)당,97kcal,1.00g,19.00g,3.00g
1304,땡초크랩 삼각김밥,1회 (110g)당,179kcal,3.00g,33.00g,5.00g
1305,땡초크랩,1인분 (110g)당,179kcal,3.00g,33.00g,5.00g
1306,딸기 치즈링,1회 (76g)당,227kcal,7.00g,34.00g,7.00g
1307,대만식 연유샌드위치,1인분 (135g)당,397kcal,21.00g,41.00g,11.00g
1308,치즈소고기김밥,1인분 (248g)당,373kcal,9.00g,58.00g,15.00g
1309,짭짤고소 스팸마요,1 인분 (155g)당,314kcal,10.00g,49.00g,7.00g
1310,스테이크 치즈 샌드위치,100g당,373kcal,17.00g,44.00g,11.00g
1311,큐브베이컨참마,1개 (105g)당,205kcal,5.00g,34.00g,6.00g
1312,달콤한 소라형 과자,1봉지 (130g)당,675kcal,34.00g,81.00g,11.00g
1313,진간장불고기,1인분 (251g)당,380kcal,8.00g,61.00g,16.00g
1314,스팸모닝머핀,1개 (130g)당,310kcal,18.00g,28.00g,10.00g
1315,크랜베리 단호박 샐러드,1인분 (200g)당,400kcal,23.00g,45.00g,3.00g
1316,찍어먹는 참치김밥,1개 (275g)당,453kcal,21.00g,49.00g,17.00g
1317,매콤순살치킨 빅밥바,1개 (225g)당,522kcal,22.00g,64.00g,17.00g
1318,무도빠 화끈한 불장난,100g당,125kcal,2.20g,15.00g,12.00g
1319,울트라 라떼,1컵 (250ml)당,182kcal,7.50g,22.00g,6.50g
1320,오다리라면 치즈맛,1컵  (91g)당,380kcal,12.00g,61.00g,7.00g
1321,3XL치킨버거,1인분 (402g)당,1136kcal,56.00g,124.00g,34.00g
1322,에그VS치킨 샌드위치,1팩 (120g)당,297kcal,13.00g,32.00g,13.00g
1323,달콤통비엔나,1개 (105g)당,209kcal,5.00g,36.00g,5.00g
1324,뿌먹치밥,1회 (280g)당,615kcal,23.00g,72.00g,30.00g
1325,팔도진미 전라도편,1회당,615kcal,19.00g,86.00g,25.00g
1326,검은깨라떼바,1회 (80ml)당,130kcal,4.90g,19.00g,2.00g
1327,바로먹는 시원한 물냉면,1인분 (253g)당,90kcal,0.00g,20.00g,2.00g
1328,쉬림프튜나미니샐러드,1인분 (135g)당,172kcal,12.00g,12.00g,4.00g
1329,뉴요크 샌드위치,1인분 (175g)당,411kcal,19.00g,45.00g,15.00g
1330,투&투 샌드위치,1인분 (169g)당,357kcal,13.00g,52.00g,8.00g
1331,유산슬비빔면,1인분 (250g)당,355kcal,3.40g,69.00g,12.00g
1332,베리베리 샌드위치,1개 (113g)당,340kcal,12.00g,49.00g,9.00g
1333,떡갈비 빅밥바,1인분 (177g)당,384kcal,16.00g,46.00g,14.00g
1334,뉴트롤,1인분 (279g)당,506kcal,10.00g,86.00g,18.00g
1335,매콤한치킨마요버거,1회 (140g)당,420kcal,26.00g,33.00g,13.00g
1336,뿌먹돈까스,1개 (370g)당,754kcal,22.00g,115.00g,24.00g
1337,복숭아크림빵,1봉지 (120g)당,432kcal,16.00g,65.00g,7.00g
1338,카레&닭 빼빼한 롱김밥,1회 (130g)당,236kcal,8.00g,34.00g,7.00g
1339,만능볶음고추장김밥,1줄 (200g)당,324kcal,8.00g,55.00g,8.00g
1340,만능볶음고추장도시락,1회 (415g)당,852kcal,32.00g,109.00g,32.00g
1341,콰트로 치즈 감자칩,1봉 (72g)당,365kcal,19.00g,45.00g,4.00g
1342,유자치킨햄 샌드위치,1회 (135g)당,243kcal,7.00g,34.00g,11.00g
1343,데리야끼 꼬꼬닭 삼각김밥,1회 (105g)당,179kcal,2.10g,36.00g,4.00g
1344,불타는참치마요,100g당,194kcal,6.00g,30.00g,5.00g
1345,고기쌈김밥 곱창불고기,1인분 (235g)당,492kcal,16.00g,60.00g,27.00g
1346,스파이시 클럽 샌드위치,1회 (130g)당,298kcal,14.00g,32.00g,11.00g
1347,ㅇㅈ?ㅇㅇㅈ,1회 (190g)당,570kcal,27.00g,75.00g,7.00g
1348,달콤 키위 샌드위치,1회 (145g)당,347kcal,15.00g,48.00g,5.00g
1349,떡쭈빠빠오,1회 (170g)당,369kcal,9.00g,57.00g,15.00g
1350,오귤오귤,1인분 (35g)당,112kcal,1.30g,23.00g,2.00g
1351,보성녹돈등심돈까스버거,1인분 (200g)당,451kcal,19.00g,52.00g,18.00g
1352,NO.1 넘버원 도시락,1인분 (420g)당,952kcal,44.00g,104.00g,35.00g
1353,클래식마들렌,1인분 (85g)당,393kcal,21.00g,45.00g,6.00g
1354,만능양파햄샌드위치,1인분 (210g)당,641kcal,37.00g,60.00g,17.00g
1355,참치포테이토,1인분 (205g)당,335kcal,15.00g,37.00g,13.00g
1356,꾸덕한고구마슈,1인분 (120g)당,306kcal,22.00g,23.00g,4.00g
1357,500라면,1봉지 (115g)당,495kcal,17.00g,77.00g,9.00g
1358,투머치하닭,1개 (435g)당,796kcal,32.00g,73.00g,54.00g
1359,완도전복감태김밥,1인분 (260g)당,478kcal,18.00g,69.00g,10.00g
1360,THE매운맛라면,1회 (110g)당,500kcal,20.00g,68.00g,12.00g
1361,반반오므라이스,1인분 (450g)당,532kcal,12.00g,92.00g,14.00g
1362,녹차청크 로얄쿠키,1인분 (70g)당,343kcal,13.00g,52.00g,4.00g
1363,프로틴볼스,1인분 (30g)당,175kcal,9.00g,14.00g,9.00g
1364,매콤담백참치김치볶음밥,100g당,181kcal,4.50g,30.00g,5.00g
1365,스팸간장덮밥,1인분 (322g)당,613kcal,21.00g,87.00g,19.00g
1366,2XL 참치마요,1개 (160g)당,292kcal,8.00g,45.00g,10.00g
1367,고로케는 뜬뜬,1인분 (90g)당,244kcal,8.00g,35.00g,8.00g
1368,제육한끼,1인분 (325g)당,516kcal,12.00g,83.00g,19.00g
1369,잇츠더블버거(치킨&불고기),1회 (180g)당,385kcal,10.00g,53.00g,20.00g
1370,매콤 순살 치킨버거,1회 (160g)당,411kcal,23.00g,36.00g,15.00g
1371,매운불밥바,1회 (175g)당,314kcal,9.00g,49.00g,9.00g
1372,리얼감자스틱 매콤달콤,1봉지 (54g)당,300kcal,19.00g,29.00g,3.00g
1373,사과퐁당요구르트,1컵 (80ml)당,52kcal,0.00g,12.00g,1.00g
1374,자떡라볶이,1인분 (300g)당,685kcal,3.20g,147.00g,18.00g
1375,1000콘,1회 (140ml)당,196kcal,11.00g,29.90g,5.40g
1376,순삭토스트 햄치즈,1회 (183g)당,322kcal,10.00g,41.00g,17.00g
1377,자연인김밥,1인분 (335g)당,589kcal,21.00g,81.00g,19.00g
1378,칼로리단슈닭샐러드,1인분 (200g)당,120kcal,1.90g,16.00g,10.00g
1379,콩가루주의보,1인분 (110g)당,402kcal,18.00g,51.00g,9.00g
1380,달콤칠리닭가슴살&병아리콩잡곡밥,1인분 (210g)당,285kcal,4.30g,42.00g,19.00g
1381,우쥬베리미 샐러드,1회 (127g)당,115kcal,4.30g,16.00g,3.00g
1382,매콤어묵만능밥,100g당,229kcal,4.10g,44.00g,4.00g
1383,인도식치킨마크니볼,1인분 (182g)당,275kcal,15.00g,23.00g,12.00g
1384,바로 먹는 시원한 물냉면,1인분 (253g)당,90kcal,0.00g,20.00g,2.00g
1385,우쥬베리미,1인분 (135g)당,282kcal,14.00g,35.00g,4.00g
1386,토마토 스크램블 샌드위치,1팩 (130g)당,320kcal,16.00g,38.00g,6.00g
1387,우유목장,1회 (305ml)당,250kcal,9.00g,38.00g,4.00g
1388,팔도진미주먹밥 전라도편,1회 (160g)당,261kcal,3.20g,50.00g,8.00g
1389,빅민트초코슈,1회 (135g)당,396kcal,24.00g,38.00g,7.00g
1390,달콤통돈까스,100g당,194kcal,6.00g,30.00g,5.00g
1391,멕시칸타코버거,1개 (160g)당,377kcal,21.00g,36.00g,11.00g
1392,명란크랩마요,1회 (220g)당,352kcal,12.00g,53.00g,8.00g
1393,모찌모찌롤 그린티,1회 (75g)당,230kcal,9.00g,33.00g,4.00g
1394,프로방스미니샐러드,100g당,194kcal,14.00g,11.00g,6.00g
1395,치킨리또리또,1인분 (405g)당,694kcal,18.00g,100.00g,33.00g
1396,토달토달 샌드위치,1인분 (145g)당,301kcal,13.00g,39.00g,7.00g
1397,화이트갈릭 미트버거,1인분 (175g)당,392kcal,16.00g,49.00g,13.00g
1398,빽다방 초코바나나콘,1인분 (160ml)당,255kcal,11.00g,34.00g,5.00g
1399,ㅇㄱㄹㅇㅂㅂㅂㄱ,1회 (190g)당,555kcal,27.00g,71.00g,6.00g
1400,원형 전주비빔밥,1개 (120g)당,178kcal,2.30g,33.00g,6.00g
1401,파닭맛스낵,1/2봉지 (36g)당,170kcal,6.00g,26.00g,3.00g
1402,매콤순살치킨밥바,1봉지 (225g)당,495kcal,23.00g,58.00g,14.00g
1403,고구마아몬드샐러드,1회 (200g)당,345kcal,14.00g,51.00g,4.00g
1404,힘나다샤인,1병 (190ml)당,86kcal,1.10g,18.00g,1.00g
1405,GET 로어슈거라떼,1병 (280ml)당,119kcal,6.50g,10.00g,5.00g
1406,스팸콘샐러드,100g당,169kcal,4.60g,28.00g,4.00g
1407,짝꿍도그,1인분 (180g)당,541kcal,25.00g,66.00g,13.00g
1408,고기쌈김밥 간장불고기,1인분 (235g)당,460kcal,16.00g,55.00g,24.00g
1409,갈릭베이컨포테이토샐러드,1팩 (200g)당,330kcal,21.00g,30.00g,5.00g
1410,만능비빔간장 도시락,1인분 (410g)당,894kcal,42.00g,101.00g,28.00g
1411,속편한 우엉유부,1회 (205g)당,346kcal,6.00g,63.00g,10.00g
1412,크림마요치킨 머핀샌드,1회 (140g)당,339kcal,19.00g,32.00g,10.00g
1413,파송송마늘빵,1인분 (105g)당,322kcal,14.00g,43.00g,6.00g
1414,대만식초코크림샌드위치,1인분 (125g)당,377kcal,17.00g,46.00g,10.00g
1415,보성녹차 크림샌드,1인분 (170g)당,473kcal,13.00g,81.00g,8.00g
1416,투머치즈김치볶음밥,1인분 (295g)당,672kcal,28.00g,77.00g,28.00g
1417,스팸2배마요김밥,1개 (210g)당,421kcal,17.00g,58.00g,9.00g
1418,The 부드러운 치킨단호박 샌드위치,1인분 (135g)당,302kcal,14.00g,34.00g,10.00g
1419,올블랙 치킨버거,1회 (161g)당,380kcal,14.00g,45.00g,19.00g
1420,통모짜렐라 풀드치킨버거,1개 (140g)당,340kcal,11.00g,35.00g,25.00g
1421,치즈스틱인더버거,1개 (171g)당,455kcal,20.00g,51.00g,18.00g
1422,통통방울비엔나 삼각김밥,1회 (99g)당,152kcal,3.60g,26.00g,4.00g
1423,듬뿍땅콩크림빵,1인분 (80g)당,366kcal,18.00g,44.00g,7.00g
1424,부드럽고 연한 소불고기 정식,1인분 (380g)당,484kcal,8.00g,82.00g,21.00g
1425,꼬꼬덮밥 간장맛,1회 (239g)당,415kcal,11.00g,64.00g,15.00g
1426,불향가득 매콤불고기,1인분 (150g)당,268kcal,4.40g,47.00g,10.00g
1427,오븐에 구운 도넛,1인분 (40g)당,175kcal,7.00g,26.00g,2.00g
1428,갈릭딥핑점보핫도그,1 인분 (150g)당,486kcal,30.00g,31.00g,23.00g
1429,뚱한 메가 돈's바,100g당,268kcal,21.23g,3.66g,15.59g
1430,트리플고기정식,1인분 (416g)당,692kcal,20.00g,97.00g,31.00g
1431,트리플 고기정식,1인분 (416g)당,692kcal,20.00g,97.00g,31.00g
1432,채식주의 콩고기 삼각김밥,1인분 (105g)당,187kcal,3.00g,34.00g,6.00g
1433,신제육볶음김밥,1개 (243g)당,405kcal,9.00g,63.00g,18.00g
